93,2HKxSby8dchYjfHnMLkjGZCELDhqDs9jGJS," 792,542.000 ",,,
94,LC3E2iur5MjbN9L6WhxTYW6ApiMU6hCygs," 759,272.000 ",,,
95,2kg2qEKjhzdpPrGbV7Sp96muaC8VuJmdTRU," 747,000.000 ",,,
96,237xfxqmsCnRoxRt51YyLe2iNgkXFUfbZB9," 554,815.000 ",,,
97,2cAg1FEdMnPZH87xUcRtAoppFdRYwQ4YtcC," 520,000.000 ",,,
98,2DDHTwwtBssBeGmoJS9XsVBXnDiwk5HC3tb," 500,000.000 ",,,
99,JHcV8bshqMKatNsBGLqrGWrzH7SDJepcS1," 467,771.341 ",,,
100,2Dspnm7nyGZhtTB5z8imUoQGfgo1SS6EwpC," 464,251.000 ",,,
101,bM2BWgsJfvTdMo5NnYbu39pNm2ur1XQQ7C," 419,726.000 ",,,
102,63CaEKGfmQsnf4ToK1nEMC4ET2wgiWNdRQ," 400,000.000 ",,,
103,2gmmJ18gBS3w3Ay5QYEEPaxEvXcJF17BCMC," 400,000.000 ",,,
104,2AzRMyrgMe1FMpJqHonmL6q8QfcNTEGbqr9," 400,000.000 ",,,
105,kZ8KgT4WEA4JEkupnpZde72fgfnCTNFsao," 357,143.000 ",,,
106,2DVXYXNjznKgt9ya5H7L9j4azV8SeUuDwzG," 355,500.000 ",,,
107,29iTF6dY2bJCL2RKyPaH7GEx4XxYTwdyLeC," 346,992.360 ",,,
108,2iYQYc6oKhfFwyS8uFkMU7ZrBJBZJRvFbHS," 320,004.000 ",,,
109,2XsQA86vRTkSHvYgmqS4iLz4vu3Rr8kysmS," 313,491.195 ",,,
110,y3QmpCoKTKcxc9kTPwpJG1sWXjzoE6FUHq," 300,000.000 ",,,
111,EFaQbqxLFnpa27U9Wcb8JkTX77fziNsD3E," 300,000.000 ",,,
112,ZnhSqcqLasS1q6xCSeSfi1aaGoUNubN26w," 300,000.000 ",,,
113,2FdczANtNRr2xfaikN5gBumWtyHvG7DDF1r," 295,000.000 ",,,
114,uU1cWFfvNEw4WfFeSCYvTY8zSbxhabmJhP," 280,001.000 ",,,
115,2dptxwNY2xv686J7CAbNcjcdddTLeVQLxiB," 280,000.000 ",,,
116,2iDSnyX7hnY6XskXYok7JpG62G9FZdK3z1D," 255,500.000 ",,,
117,zZYoto6e9d7jiVivYnsh9wGNL3Z9BhorHu," 250,518.000 ",,,
118,TPc3gEyJKHmqCw3UPkZBQsGonYWNajxbDN," 249,000.000 ",,,
119,FNs5ECPvUdhi3mHvM7m7zJesVEi2gWJuYy," 220,000.000 ",,,
120,KgerZFgcRPjNoisr4A3x53pfrj3dGxtEQA," 216,933.671 ",,,
121,2SpCFpDYmT4hWW2UgksvVr4LoxKPXFkJ2Mz," 209,000.000 ",,,
122,28FYtKww3diNrmqvYWqTppHzF8MqrW6CYVy," 200,000.000 ",,,
123,W6pUeEHcEfHHnMxYcR8ug6EBgrgg6TrGb1," 200,000.000 ",,,
124,B8caYEPbDqajHFw9MztnUNkiiVf1PDCi8A," 200,000.000 ",,,
125,2Bs2G9cn7oG61aBuArGU2H6RmNZWHvZsDTq," 199,900.000 ",,,
126,ZwRH95aRWUvva6Mtju6V3TRHhtTiE2f7Rw," 174,286.000 ",,,
127,gYv57es7VuBzUF8zWMve8gFqn5pJTbdVgL," 171,147.000 ",,,
128,29go8opf4BAbkqh5NXNR9xa2667TVGqQkLf," 163,885.000 ",,,
129,2aSEFbymnxERLFvW5VRxwmn1NXdqAcAN3S3," 150,000.000 ",,,
130,28VPYESkMnFdeFfs15qjxbmu8rjSatC345z," 145,834.000 ",,,
131,28Jcogc9KyQ32hH6uf2HcURHWV9hbVdmfCj," 136,273.909 ",,,
132,hALqD8kD8woWiNqx7AbVzHmmAqBpDFzZax," 130,130.000 ",,,
133,2fdkHSHovAoS62YbkAgtZaBBowazrAMgdnU," 125,001.000 ",,,
134,2FtqnwW9c49hAQfSF4PvR4xVf5oWBLrNyKy," 125,000.000 ",,,
135,2WuJViwjprgLN7tY6W8Factbv1UxYUz3dMS," 116,140.000 ",,,
136,2i2yZiMd8Lv18RCdSMKjjNDFFrHJ1b1M5jy," 116,000.000 ",,,
137,MV8UhWUWrGEsvQ97WvNwsoeJ244cNUK7vt," 110,000.000 ",,,
138,22MXUaGq6V5dE4fmmb8dcuRryCM57wknhts," 100,707.000 ",,,
139,ijL1aP1f1h4uEdp4VYAK6xdE5znduHMVY8," 100,076.000 ",,,
140,yBEdYbyWZMfNcsTFa2DddQDgccxVxTA7zB," 100,076.000 ",,,
141,2FsNZfoxXQ2tgoXLX6at9mnsAiiwTZ5v7vM," 100,076.000 ",,,
142,Hv7LCehtCBkdSiPydZW6vmtSyJreYJV8bM," 100,000.000 ",,,
143,2LKa4WgxK1z12NMHgM5ScV7L4FRNFWgrmt6," 100,000.000 ",,,
144,ndLe7EUtUGSmhYHwZ8p5tJThk8zmTGaRHt," 100,000.000 ",,,
145,pXtFE1TY79MR4sf23ADk7vnS1hmriVTVJ8," 100,000.000 ",,,
146,E4aZCU4FRdSFgBu6NvnjCJTErZZKyAVZ8v," 100,000.000 ",,,
147,2iYZtcNkHTnBhtAhCUfmEHFfsZVexj4f7Qg," 95,000.000 ",,,
148,2KXf4QCgz9JPt1vg8wtMhohtajgq3HTbDGL," 90,000.000 ",,,
149,wt9n3vXgUxWGUNJGECxRSAZJ8MMkV7J39V," 89,286.000 ",,,
150,2Scu25gBhjcZ5e5VjcdaSjgzq63AJM5NucB," 83,254.000 ",,,
151,PFhdNWdk49XRjpqSL7qoNXeqfFaj1mn1CR," 80,000.000 ",,,
152,25Ro51y1dhVQgZVPiPRBQyPvjgbgA7FrhfT," 80,000.000 ",,,
153,296YCp7A8DNh33AAZCrExicgNSchBNDnKPz," 79,366.000 ",,,
154,2hFgoeciLhzzWTgu9fwKZsHZiy6i8ruodSu," 76,707.000 ",,,
155,2Fhq22jF3rwvaJ4n3DgMyGrJ6UhJjy3fcE3," 69,000.000 ",,,
156,59KbRi3EpWehuAp1dAoqWq1xqQmmAeqvDZ," 66,889.000 ",,,
157,umux38qihgQwrCpM3td3YY5FneSGkpVNJ4," 60,000.000 ",,,
158,2Yi3ieRKg42bDhRkg2g4fvpNFPLGQ7f7XF8," 59,107.000 ",,,
159,BAQYHQSnS4EwMPDkYSkRovdUjCQs9C1zkB," 59,000.000 ",,,
160,2bCFJhBPMM7BYN6KUwQu1DzLLDe1T39tcgT," 56,389.000 ",,,
161,imKVm7vcARt5iobcXwhQ344ZTsriabFtpW," 52,169.000 ",,,
162,czkoPdpK9s8WJCtNqpWwdC2QPBLbniQ8Rb," 52,030.000 ",,,
163,zaURbf2pYteqJE6rVSXQp4YwUDsPi59gta," 50,235.000 ",,,
164,wQvBkEDoNBDPsCEVBKvgcydEbtrn8wkhJa," 50,000.000 ",,,
165,Pidpb6effv4vAKBRsDTgdYtuT2AJg52UsT," 50,000.000 ",,,
166,BzNjjpfNpvVWnognQ1CfTcFWBw6pT8cSsY," 50,000.000 ",,,
167,FgcPwEHVFAwC4pYpbi55jLw6WA753YKMuJ," 49,940.000 ",,,
168,1GH31FPu53PmQ3gfGfxdb2MAisAmxKZb7e," 46,537.638 ",,,
169,qNY3vJahebNfxmAUXYmFi9VTvKRFx8t8h9," 45,224.389 ",,,
170,SyjKmGvjZx8sgp3Q2CGcQ1igGtaMH1gGdC," 43,119.000 ",,,
171,VGsXFD9LaLqnh1eGGNiiuu9Zs8M5wexX67," 41,627.000 ",,,
172,2eebuZL4mLcFvXfzfhFNLUtdoqcjpnwRGep," 41,627.000 ",,,
173,D2Sp78etmpEJTGueu5aokyqEhBu6hYkWF4," 40,100.000 ",,,
174,2EmCQmwrxnJecAhgtc7wo3BEKRxjJABTvjt," 40,007.500 ",,,
175,ssvd8rcBcYyaJgdUgdk8vkq8HoVDVS8hyZ," 40,000.000 ",,,
176,2UjMumrXD4r9CZKxPdBJwU4VHsVtMDB4Lv3," 39,900.000 ",,,
177,37gaogP8PPQsKdoT5PQGHJKUXR7opprv19," 37,085.000 ",,,
178,2jdX8fdTL3yKS7TwK7LLy2EtbVA7xWTaw1d," 36,998.999 ",,,
179,2KtASDmqj8fPSQ1Pju4ZNqV8nXd3T3EVdmc," 36,458.000 ",,,
180,YH4oyCftwy38vW5fot6xot3NVsA3a2nf2K," 34,680.000 ",,,
181,2WLAbsxu4WU3pmoDfaVXXPPyuG1jh57aZfy," 34,196.925 ",,,
182,2ZgjFCBrwrutEfSfM2sq7UQBX8NSn6b9YHU," 33,714.000 ",,,
183,RWD9NgrtXrSBewdFbeiK9SdfAGUne7JSU6," 33,143.000 ",,,
184,KZJ66KYrGx7m7vbYubu3JsFKDZZCmq8GS8," 33,143.000 ",,,
185,4KpeDTPqqqbZA1KXV4Deb4VYsfYgGiTMUD," 33,133.971 ",,,
186,2AG9FDtroVM3c2aKv7v2NZQ6EhvLx1YnBhB," 33,072.000 ",,,
187,wGG7tEPfcQc4qUKdiJH3QSnScm7GhQSiny," 33,040.000 ",,,
188,mnVukq75xXm8SokTwGFwfwFXRS13dfw324," 31,964.621 ",,,
189,zfnkoN9njhVFmiapZJff9riRmtiQReLwDw," 30,930.000 ",,,
190,uwMsBAG9UTebaCy7NBJqjCxdtpSumj84Ea," 30,824.000 ",,,
191,SRvTePAFWFvqbct21n7yuSZzj8Gw1SwnY2," 30,217.000 ",,,
192,2ZanuGgMDuVSJCXh2vEciQ4ZKR3NQuCARMx," 30,000.000 ",,,
193,2d3PzTm8YgAPGK6Z4WoPbxUo4yiYsaqif8j," 30,000.000 ",,,
194,28dprj2mSymQVuk1yVa1HYEbMb3C3qAib8o," 29,371.000 ",,,
195,2FM5Z6MLn3D3N1W4fyRJgHUTzJSUUzWbxL8," 29,371.000 ",,,
196,WtrJq9mkGv4V89jKejQ3bN22mXYMXiaS8C," 28,971.000 ",,,
197,2PUz72u1jZBoB7714243rH8hSrveUDZrGbo," 27,700.000 ",,,
198,2kfinqfdnCoafXW5ZarXKYdyUjrNCtj8pV9," 27,190.000 ",,,
199,Enjr6KgcekS9akApdvQ4TVd1ZieepeThVe," 26,666.237 ",,,
200,2N5yLPJTzjerVJLMCKb7j9jp6zqy7XBGUC," 26,360.000 ",,,
201,2PjnPkzXx6dv9NPPRFGGg73y9TBDbANmyRz," 25,330.000 ",,,
202,2fMdVkGAVwAS8uL5DRjUfxhtEto6omHbdTk," 25,170.000 ",,,
203,2Kq2iBt65hCAtDJBjSeh198ovUjjA9Ep2Nh," 25,143.000 ",,,
204,24Y9npcXWh3oiuBzRN2suoufS3akqMSq5Z2," 24,901.286 ",,,
205,2hzKvHF6aGpNQ3N1Wnxtp6Q4sd2ZDQbWjdC," 22,843.929 ",,,
206,21JukxALbu9BUCmk7mnVdRXaK3Abu7zFSbP," 22,001.000 ",,,
207,MtQp9RxhBxqUMzHoLRe82KxB1LUuh1knGf," 21,219.000 ",,,
208,sdaddPuxFjLRMhq4Eis7ky8P4watVoJLWp," 20,649.820 ",,,
209,WqbxfLj5gYiXvAAwYhFHGvd5WyKHv8k9So," 20,000.000 ",,,
210,sZmFcgGnBgahYo3VE4q2khxs1X4yjPT8WV," 20,000.000 ",,,
211,244rjALDhpUCpKQjgo8oK8jwmedPdQCusKj," 20,000.000 ",,,
212,2fBjU4BYPiNTjf6ubbpDfzt3Ueh8goo12JV," 20,000.000 ",,,
213,bnVszpK6c7tXwwmrQhBGVCD4PqDQ3BvZEP," 20,000.000 ",,,
214,ZpLJKMpqPCknakSj1imWf3cdDA82CpKxpJ," 20,000.000 ",,,
215,2NRzLKX13LUMVaDBhpsB4LtBaKmHsDqeWGk," 19,861.747 ",,,
216,DcKvZywtwdFiohwkv8FqrtKU2cNvDLNKxJ," 19,842.000 ",,,
217,2CRmgKdYWFsoN1AynWKnzjUkLjh754A2YUS," 19,370.000 ",,,
218,2joTyg9EnusXoDcM8dtfU2yvePcUHpgyu15," 19,048.000 ",,,
219,27AiJwWaWvU5BDUB1oZafdK8scpvpcVU3r9," 19,000.000 ",,,
220,2Mth3ANVfcwkuNC8kq9LQm4gSX6AhGeXFgu," 18,316.000 ",,,
221,2Lz9ZE35LLj21ZVtvZEDLnExLRWWzBhddqt," 18,200.000 ",,,
222,TSK4rwFADWEhdctFdF5Mv3Y7mMBDNRa5Ke," 17,006.000 ",,,
223,vCyGQicT43kh12jgquYSS6eLh4pghi2DdU," 16,800.000 ",,,
224,Lpj41g1PtFuFrXQD6f3GX7y1pqEseWttyu," 16,800.000 ",,,
225,CbT2geTcW4YDW2MEGZDxJWPtdJhBNhCbWS," 16,571.000 ",,,
226,2iGvAsfpv8nTtDyw9KaqysVtfStUxh4r2cP," 16,422.000 ",,,
227,6eWpZ6t3J2YsDundF6nsYxeuxiDm5E73NP," 15,995.000 ",,,
228,2D3TRJ5zZsNfyJxfxuuadFJZCxvVAmsyh5c," 15,920.000 ",,,
229,8nztnQ7G74UCfhQyL2iMKnaCieWnN4xSj4," 15,875.000 ",,,
230,iRt9wumP1Ysff3AVyRVbad4yikAcaBs9oG," 15,714.000 ",,,
231,xQphvcpP5ADzsESRtoMeBpK1VRaQer9sdn," 15,701.000 ",,,
232,2kBEwx7EjHLABvjSi3HKRyVZrcRvgoyB5Tj," 15,669.999 ",,,
233,TdqzfDvKTbDi3DHxXRNHj3D1CUbjhmxpLp," 15,633.000 ",,,
234,26TsEVK8pUjQQbVjU31MwwAhfvj2vPEAvHL," 15,150.000 ",,,
235,2J1gyHGFCsx5Pe6QDcDRjtnxgfuPfYDNPBL," 15,086.000 ",,,
236,4dQhTVsJY8P6otoDZe52VueAfRCJX1kNHe," 15,086.000 ",,,
237,wa4qux5QMowGc5jBaCnMq5PrgGtdreGph," 15,000.000 ",,,
238,UnQpx9EbCMKJRKaF4G9d7t5BsNUzmdG7HU," 15,000.000 ",,,
239,HDP7wUU3SuGp763ADDEgMbdsWcBtJg1FUL," 14,986.000 ",,,
240,2h513P15baRiZv2bjkHFbcotCMM45T8c5g," 14,783.065 ",,,
241,W2NnGA1Pw1FECWNvMbfbxgUiTUXFVz2wr3," 14,290.000 ",,,
242,2iUbSYBuRywcFQKQ4WvdWX1ZJP4DyXZvGzC," 14,104.000 ",,,
243,YTGQF1VDghNQTaEcMsbsSKP18aTK6JuAmG," 14,055.000 ",,,
244,28zLtBnKDcZQN8NqwHNcgC5CC4FAQgCiKWh," 14,000.000 ",,,
245,2BVQ8w92E5PuVZhor9L2grP7pFpW6Hr9bnb," 13,890.999 ",,,
246,hWtkzM79Sx8EypYXLjDSovpU1ivqgPpWNR," 13,875.000 ",,,
247,5wywzM2inmaik4STmb8bCUba5DTrdaifC9," 13,700.000 ",,,
248,ftyB5xEsK749VkdKrrTuyG6pjFkC5K8QUW," 13,560.000 ",,,
249,29LYreJuFNaDS6sADCUiCqr8dCnji7ySnC," 13,473.053 ",,,
250,rnVmKMKPiNTVcB91hukrJRw6TTk6eS6ppP," 13,330.000 ",,,
251,XBuk1M7guLckvdzcAsqRw5RgghjdKSDeyc," 12,500.000 ",,,
252,4WgpAMZFbR8iB8BpWHihV84zAdYzXDJdu6," 12,429.000 ",,,
253,2GDt56reGMhVmchd2RogvQT4FYSqGFS8RiZ," 12,000.000 ",,,
254,2NJMJs7UXXsSiNtMimLNtBh24VD4dQGgPft," 11,950.000 ",,,
255,s2sQuCqsW685Dr88oZqR9St2SjRbReuqwJ," 11,600.000 ",,,
256,9jGJwxiAesVxewMcF3p4iFVAhLKCnpLEA3," 11,125.000 ",,,
257,W2rt2Mfyerxb9geaPoSkyD1fMmUvUJ59dU," 10,913.000 ",,,
258,L3aEyFQpawLYRSCLQ4WjMPf16ofRZbWfND," 10,870.708 ",,,
259,LgTezDpyz1KEos5bk6g2PtEEiLa9es3Hfp," 10,410.000 ",,,
260,7i1vGSQ8C1gNupWU6s4PVM7xHFKvUjyx9G," 10,380.000 ",,,
261,2Syj5mh8fSRc3Yx9aehMVkm8teexKmBPps5," 10,294.153 ",,,
262,P5giM3znNQFzx8xAkBe25SXvcTACi4vAw7," 10,120.000 ",,,
263,wK3KnwNABGpJxRqGtQfXPMuq9ZpjCUdkuu," 10,081.000 ",,,
264,iMw3e21GXaMsibH8Ud8BBhrxJ3P2F1UJEs," 10,000.000 ",,,
265,2dkr7vyRun68FabfrTRRnRngvHTDHpY3fw6," 10,000.000 ",,,
266,2G1S2RdYgAuKhkU4BinGY1q35WtgDkRcXgF," 10,000.000 ",,,
267,28BpkFQYt7DVmBcuPXmRdehfhF89wQtk5aX," 10,000.000 ",,,
268,mzBcWxWEMAWjgq5eJWq1Jo7qpuvTCFCvKR," 10,000.000 ",,,
269,2c5uMZ5JXLmpczQpFrfLoSHnu5uPHJpaTwb," 10,000.000 ",,,
270,Z4cwowmtR8JT7spzmTnJdCqMaMu7XD29j8," 10,000.000 ",,,
271,2FFeATEnsPXVpSLQiZzBiCDdRE6BcgwLMqd," 10,000.000 ",,,
272,5bWHWN1J7uXaHdwKbHHsR6ZsmP1etV4sAh," 10,000.000 ",,,
273,yvkuVsXesQDzuAigY8rpgmmueEpDmsh6Ss," 10,000.000 ",,,
274,4XwtrF1i7QyM3jDTQPuiBxV84FJe76ywpZ," 10,000.000 ",,,
275,ZUX1tbZLAmtZz5a65MU9jN4xaozedFBhQT," 9,921.000 ",,,
276,2fwSaJXkMm6kj7P44nxEfDpTs75uiiipHEq," 9,921.000 ",,,
277,evR34ciGWSvbgwMqsh92cgdpqgKFcLq7hx," 9,820.000 ",,,
278,qHj3ebPQUU979YFDyLMuiK7s8M1k9FmHof," 9,672.616 ",,,
279,6PUPERWu1SvRSu6yYMK1mh2zo73d8efvpD," 9,531.000 ",,,
280,oPra582eEwKBgHFSsnhvwR5itbZRLP1ktX," 9,350.000 ",,,
281,pcE8jwFAh4RwJevFbX7cd5LXG6s4Lwi3TE," 9,229.623 ",,,
282,2E7Z5o2yigSfVCpdnCWXqAqrqdDmrpF1QqC," 9,000.000 ",,,
283,KKCZwCynoxorShAvAtHtWa9awgAThhyb9h," 9,000.000 ",,,
284,2bh9Wb5w5v4Wmbz6m8RyoEfQJ5K6PjgbdkH," 9,000.000 ",,,
285,CKVbgxc9tKx34QRBaALXn25WAgmpBrxwYA," 9,000.000 ",,,
286,LrqauL2QynSeJeRndXD5NYdYd8asUmGF6y," 8,968.016 ",,,
287,7uqRMnSQanE65FuQtB4WJNhr5hTAUyP7WU," 8,702.907 ",,,
288,24jgXUtpZ1m2rjDKQgLB4LoP3D4Lq2oQ3f7," 8,592.098 ",,,
289,2dWVmtMVWmeYMBz6XJzRM1PFzY857c4gXNE," 8,550.000 ",,,
290,262RAZxSvAtY2485F2yCufimTpiYLQkFt39," 8,496.299 ",,,
291,23eQfaRdZAWvJDdtPCbymrCPi294AJquZA8," 8,455.187 ",,,
292,2kKWapxzgG3cp1TF7crhfH24LmeWBQHS1Dw," 8,370.000 ",,,
293,2DkdPxy63J21KC9XjYWSsVjXAB6qfwzRPwu," 8,333.000 ",,,
294,2CepMP2Tic43eDfZUG1crW1Nv94X9DpDpYP," 8,286.000 ",,,
295,2BnDhLN3PeLY6z1A9hJL8UJ9cF7PofQCRsN," 8,162.000 ",,,
296,tbhHsf1sZG7BCwVMSZaWYwTTtcJ8qaoRyE," 8,021.970 ",,,
297,dSt4z51ngSMLAzzn1rxoCJzGZi1v41ck1R," 8,000.000 ",,,
298,BcDp3ZEi8RDsqcxFfamC7YvwHix8hMKJWC," 7,840.487 ",,,
299,zgKrybdebygGMZmhFmzcwaNCQ8C3uRLYNH," 7,672.000 ",,,
300,2MDXFJfo7kHFP22X1JZ3aFbDebwLpJsCzL5," 7,658.000 ",,,
301,vKgNJhfr7xRhoN18kdH7mWbDRW2P9EsDUy," 7,519.636 ",,,
302,Yx7kytXHss2ZUeh1A1cnhtuPJw6rotPrDZ," 7,500.000 ",,,
303,Wb8M2aR31ineGf77RwiBqB26oU6wK4BHqZ," 7,500.000 ",,,
304,mFNsFaR1tmVP3YvLv6VG2ZdK5R86gdkXX7," 7,452.539 ",,,
305,wStGiYSk2ZW9gMFKLyS5sNwpwSCgg3kPhK," 7,420.000 ",,,
306,2W6n6zqBNCWeK6fzqnAp2gpfr2sC4kXBFDr," 7,383.000 ",,,
307,nTPJTAosE8ZPLBkckRnvGi6SyTJVksVVJ7," 7,117.742 ",,,
308,2kd4h6U1E6nNun3u3poReUeuujtRed4hGYF," 7,090.510 ",,,
309,DGMJ7iiLwojXN1LJGLBDJa2msfjEaCm2tz," 7,020.000 ",,,
310,2foSTUm52C1scmK3KCsnUBPJYoKRey1x4Au," 7,014.355 ",,,
311,2HkUybE1rnGqHfwPMKwrnqTEKDSHfraiyNE," 7,000.000 ",,,
312,2EKnp67UGoc7p6hcs5dnarKkPbh5iSYRFs," 6,740.000 ",,,
313,SB1h4La3ETSmZBJrUTjDab9fK7koJ9gzCp," 6,738.000 ",,,
314,BHcyGUyj4Sh4GQCU7QPeTZ42sn2eLaTMN7," 6,700.000 ",,,
315,qXxxMNhWB6TGYhe8eHdH4rY15Kcq4NxiaB," 6,402.600 ",,,
316,22YjaHZBNaurhCy3Ww3c1LofJCPAWJd6Lw6," 6,373.000 ",,,
317,m28GT4EKX9KuiFVU8cMHt4zShphc74x7XR," 6,164.827 ",,,
318,Z7tXGqQWNBRwM3u1QxWhoP3BPd2mFxM5cd," 6,000.000 ",,,
319,TN5nFx6j5xoHj1jL5YZykaqeQ9UXKxyNC7," 6,000.000 ",,,
320,2Gs3eNABy3cwdi2WPc2mpr24gdgWctbtr9G," 6,000.000 ",,,
321,22aE1pooVge7wwJAB9jop8wTQxRwED9bPeQ," 6,000.000 ",,,
322,2gNM5WsZ3SgvjJtSJEFfF192Ku9cknwtSjY," 5,994.001 ",,,
323,2cQzuSkoSX7DyyMe1Abv7o9vkLw6wCo7GG5," 5,923.000 ",,,
324,2XKxGuxTMSuRnsPJTu3VdQkLiU1AG41oQFW," 5,663.000 ",,,
325,XSYzkEBcyL6xmFHYJQc8NLizqgYJNkQAif," 5,556.000 ",,,
326,2xpXBmcRLnR793WzCMNyknirGqnuTMFCPt," 5,513.000 ",,,
327,2S6gDpvxGLrLkGx6H7skdj6sAroqXNxafGV," 5,475.019 ",,,
328,FLp546ecX9jktfuLmcKMBXGESa9fRcuAPP," 5,400.000 ",,,
329,vehezHTMywZBbiCCpAcNxXmfWu1wAXY6Fj," 5,305.000 ",,,
330,WLCGVBajrbcydN3NMpNw7vYsPVK61rCzUY," 5,208.000 ",,,
331,2ZQZEYAe7Ew3sapFvuMLbdaCLAECCRuMjzU," 5,168.826 ",,,
332,214bnuTdH9KfDN3TNxdRcH8Tv41XwNpsXYo," 5,160.000 ",,,
333,qwFgMgkUaizDnU7DT7jBuYyD5qwc8NixLr," 5,055.953 ",,,
334,mUc6giVNQvVaHxfqyNVmDtwgjVmShFfUS," 5,010.596 ",,,
335,WyfSKkTNGdBD4Xek1TNft9Vo6G4YL97CWp," 5,001.000 ",,,
336,2Rz95GU4NgreHBTYXiDw8FinAesgXQjRW7J," 5,000.000 ",,,
337,DiRMEKEnVnzrvRuMTnZrG11mxBVsdUYQXB," 5,000.000 ",,,
338,BdBDgkFoZqrDPAYFiuhFkT2tC7FU87zUST," 5,000.000 ",,,
339,2QgitdXjSS3tQedGdheUPtqvU5xxX6dAWCE," 5,000.000 ",,,
340,4m7Y5jCrUxLwD4ub7963YJpDWTx1usqV72," 5,000.000 ",,,
341,27vBeUQyK4QDuj1VuFR4JXdoxjC6RfVrTf9," 4,999.000 ",,,
342,2gaBofieGm45Wo6qwngnbQRqZJyKMFXJw6A," 4,975.000 ",,,
343,2Q53ppA64fpN1eJDiUeaZtUcdtbscSpevKt," 4,820.854 ",,,
344,mkgdAUAvupCwkKz9HSysqhYNoZFLdEaqcV," 4,800.294 ",,,
345,2CZWBjmsYTErENEUk7yG8B83qm5Xpfq7m2s," 4,790.000 ",,,
346,wGJrtF4YT7RSAYYbUhQipa6Yxz4mJXQBnH," 4,768.150 ",,,
347,zf5NMHfQifJ2SumhBFGJU4ZEhpc4pRFCCh," 4,630.000 ",,,
348,2Ugs8VtZvugML1W5imtk5oB3cxoeNbV7vui," 4,602.391 ",,,
349,27LXWbxcPEGkxAQuEt1e8wfxn6DmviVEW6D," 4,534.000 ",,,
350,2Z2gDifD3JRwgayikhCfexB1bcSiUeXH4Yf," 4,313.083 ",,,
351,9rhhQ4HNCbzorY1ereDBqobhYqxEUpYxio," 4,288.182 ",,,
352,G8ubj1NeqpgAV8zJfwwbR8EPpvsa3ufqHf," 4,253.741 ",,,
353,6uQ1jJ9u3n2Ph5N2FSMhLZeTU1tstuByyh," 4,179.000 ",,,
354,oxRK9obAsRKY4b3Hf48rnuVbaV9gwMu5Vv," 4,143.000 ",,,
355,DQvwspdisDXDvhHWtnzLHmnGnEjZ7JMSBV," 4,042.742 ",,,
356,XcLf3XQgU4RSbJt3bucVsHbtB4Cg1U6DGw," 4,025.800 ",,,
357,9ewJPcQpwPKCiuz4PdSWP5s2xZwcRPVVY2," 4,003.621 ",,,
358,sEQCctmNNzf12mnLivAfcJH1vBmi21H7t9," 4,000.000 ",,,
359,Kuagg4CD1aHFNH1zY1M2UToUPBpxhRaKgS," 4,000.000 ",,,
360,C6Kw9kpR9hrkntpTbGq4aKxXjGNbJWnDBg," 4,000.000 ",,,
361,2fd4jPys2ZYm6bYKHaRRLUuHqk6cNSQPGSJ," 4,000.000 ",,,
362,w9rSbMzR86KF1hShxZNzhSBiNsKse4te8g," 3,999.999 ",,,
363,rK4RLWs6hFivCHwmWAfkNwQr7fKKngQtxG," 3,995.000 ",,,
364,JFCQYb4JfRqu1JhDn8Ry2nHnaFMHqja1cf," 3,961.783 ",,,
365,2ReEpf7QuEjrEnJeYdp1Ew6Bo8ji46sdXz6," 3,952.794 ",,,
366,3bm3mjCSs8t6Z1pHag3UUfbx4A2RABQXq2," 3,850.000 ",,,
367,MYiqHUyKp6cppqpnHcco3U4HG2F1GLUQCz," 3,820.202 ",,,
368,AWZ1LcgS1jhzvncM75hGg5PL3Tts7AfrZc," 3,776.219 ",,,
369,27vjeHnMbzrJcLDSFs6w64eXd9kbY49bWnZ," 3,704.000 ",,,
370,tXpz6rDuSRK8ZtvroiahrZJmUjZst9A91R," 3,693.000 ",,,
371,2WxtcBEygRGyaxGGrNNezBBiAVm1z8H8Hgo," 3,672.133 ",,,
372,29PGbL8E9qjjnumDaafMoWHp8dbac9AeA97," 3,600.000 ",,,
373,yyf4A9i6cSCpiMf5bfvk4TrsvvjRuUj7dM," 3,592.403 ",,,
374,6maXhhzE63UHaoSiEeVi1zidV2HVUYSnp9," 3,551.000 ",,,
375,xwbW8BertELMeViuKiFm3HyNxV8UN3PARP," 3,456.869 ",,,
376,AhRqvi6dLsrVmfADwSaDNYsrXXUXxR4US5," 3,455.820 ",,,
377,Tk4NRh1zDm4TShhV5zx5rjcqg2WdBM2cBq," 3,400.000 ",,,
378,UCZuR3dh5JWynkxfGycWV5YmySyrvh7RKP," 3,331.000 ",,,
379,2EX2AXUrkcb31HZsMDuosFZpbBo9hmTdrZP," 3,320.000 ",,,
380,2KDcxYZ46pQaeVSDMwNuAXzmV2Rr6sBxJhm," 3,310.000 ",,,
381,2UTWWGTJuRhzG95yYF7cCYd5aG35FRDdAM4," 3,300.946 ",,,
382,5EyZCruu5JCuhVDbPgnWQA4LdL48e3pzNJ," 3,296.680 ",,,
383,2czmKzeEoP4SjQkrPmoGMB6bEP4AKqC6x3C," 3,274.000 ",,,
384,SgoHHuGjvwFhScgXU7P4gU43wjau8ssic," 3,227.098 ",,,
385,dmkFmEncDztavh9o42z1rjGRd5Zrhx3wPh," 3,210.000 ",,,
386,2AaH4MLL1PBQpeq6pzJTuJJ9bZLd6dJHUna," 3,125.000 ",,,
387,GDjCR8eD53i2oHP88gLqTv38VyGks1osaK," 3,123.000 ",,,
388,2M6g3vfDr9BHuoSvSq8CXnjjRWjcZTT7gB1," 3,122.207 ",,,
389,2UMejYT8uoF4P27N4BhRYAtmp8Y57rQNqUG," 3,052.000 ",,,
390,k7cnHdRoREMF1DFM29swnSbAjDWeyntkz7," 3,049.042 ",,,
391,2DkF71pz59igqvU4tPvNT9wzmb1kU4tvZci," 3,000.000 ",,,
392,uahZjawNm17nj3y5NRWm1Kbgfss6343szv," 3,000.000 ",,,
393,2cLghpJN1CSPZTbr8skhWXcmY2fhQA2a6Av," 3,000.000 ",,,
394,bJwdkD7VvNk8hYQmX2ZjXsGdw1TCGhgbX9," 3,000.000 ",,,
395,agRonw7HcUZ6oNdfZJgTnGpifYZCcaYSu7," 3,000.000 ",,,
396,2bkkkNALdPeQentupv8K9VwxKuvT5JGbJP3," 2,988.000 ",,,
397,soueY9CNvyTk3me5VMHHQXMsdTKXGFy17X," 2,979.958 ",,,
398,MfegqzMeVm9LuvSzaaUxhF4phBKshHQWX9," 2,977.000 ",,,
399,72D6FdCQaGrBHV5YEhFzgBsZc7npV36WUJ," 2,933.513 ",,,
400,2jGdDDEMUpvz1yRbUdAPYf6hM2XbXtZDuP2," 2,870.000 ",,,
401,c1AFBc6aFstDJkMB34Z35By1ZnY5CN8uNG," 2,860.000 ",,,
402,wtK8MrGfG672uWxo68ViNTX3Ghudy1dAzc," 2,825.000 ",,,
403,2WdXjvb1YHSbMrCX2ydA2zAbbsSpka7i4KX," 2,805.000 ",,,
404,RgoKrDQdcyhMEYoyaSzencCWiW3EQZZS1F," 2,802.000 ",,,
405,f6zovPKCcJdLyy4padXszqzp8CBDjdRZ8C," 2,790.000 ",,,
406,tD25QQbXLW1PLDH2vWzahq4WxPHyBriFpF," 2,778.000 ",,,
407,tJoVzZKVzKDTDTUhtWwN33c1NMi4s2g3oZ," 2,778.000 ",,,
408,4pwW7A7taRkb1eJc58EYAvXZAy1FA3f4e1," 2,770.000 ",,,
409,qMB372bnKXmWgqhFNscqFXzSnsqNMRVRWP," 2,760.000 ",,,
410,2GuydTbnYE3BunyJGS4La2UD6nWS4VyWhF2," 2,620.000 ",,,
411,nDPf4vVDistNW6PJCVeJtYWzRstvDDnoFy," 2,598.398 ",,,
412,LHNQFyZXE89NfqLDXW2eu2n6FrBE2kDfQq," 2,596.000 ",,,
413,fwuUZTkSzMiTq1VBH4xM34pmGyEpsKD9j6," 2,524.472 ",,,
414,fo5eJQddMh7uHbCUQswFFPDBfMeS7akf1E," 2,520.000 ",,,
415,Le4LP6tP8hf39mbrvBtRwxWE2hovqGgjhU," 2,500.000 ",,,
416,nTbMr4gy6VxjVakvUKmt8AZdMEcC3Vo7AZ," 2,500.000 ",,,
417,hWMQDRnnmozPVrHGD2HFSAqqVDmkzdHeKJ," 2,500.000 ",,,
418,22YvoY9onRpw2VYY73nX5C4LcTgnSgy3cz8," 2,497.398 ",,,
419,Y6zdL8WN2ve2S6C3NQsZ3fUjcpVbvK3kaz," 2,465.000 ",,,
420,HdRJUeCs1UZkVsMH7Guu2wZbmgSse3X47Q," 2,465.000 ",,,
421,xmMQM5E4vKXA7NwwEiDcN8XAdyQQUcFBbZ," 2,459.238 ",,,
422,2m9qExfLPHhLwuxigZLa4BDD7n6jpMbdLbF," 2,451.546 ",,,
423,2zHcsbVtsKkp8kLbh27LPGQ81rb8CpU5Bt," 2,451.000 ",,,
424,nh2NjEc8qDAi9orXhn2oLnxHq5TtK1HmWL," 2,412.599 ",,,
425,DjvJctgvX4Ze4Xdj6djoKgXNDznZoLooar," 2,402.000 ",,,
426,22KZeag6ziVxwgypCfM7h43PVJszg1U9NgQ," 2,400.000 ",,,
427,C6KMUYHPCscnxT4HEVvZecGwpjkuaDna7L," 2,370.000 ",,,
428,QX7fu97MaV5jnpzwdxV93JDT42XZDPXdUE," 2,367.601 ",,,
429,2SN6QmwaDW4wCZKJoYUVRLgLbEux1nvSgGr," 2,340.000 ",,,
430,YCCu7qA3pJritUpsNvxsgYSb24qSoYnfmb," 2,329.686 ",,,
431,2UaSAdwXsDQeRnNuEoD44xN952xstvkrs9s," 2,310.000 ",,,
432,2ZX6A4qeXsukiTXLYWd5FWHcEJ3yLnBh6KC," 2,300.000 ",,,
433,GUR15u8KBLFcUmhFr1ffi3tRdZzi9BWpKr," 2,288.000 ",,,
434,3vmfjzsuLSxmsEN9M4D4t4D8hU5jNSDksi," 2,280.877 ",,,
435,2hkxZbKKNxWJsB44zfupETcV4vXrvS8dmf8," 2,171.805 ",,,
436,2DqEga25roj9ZaHdzY7B8uDaNYdEQnXJZjv," 2,150.000 ",,,
437,2g1c8iCwcmz8UAbZayXJ7ZEtv2BT4gGqDrp," 2,127.000 ",,,
438,rnfNX4xGNJSwP4xf5C48G8QRUCaHXP5kLc," 2,114.684 ",,,
439,UfDVpRF7N5rptUMAwYrRHDXR82CBsv788e," 2,104.000 ",,,
440,4Y76vgsf1Sk9GBvKDJw2BpjrhkvVjLqwqj," 2,088.998 ",,,
441,VqYfbSSPeTokoxqDCB8hSQKb6xqQr7SGJZ," 2,083.000 ",,,
442,2FWrZWaA38aHHHJEe6KbV1nrfg7owt5FwBd," 2,044.952 ",,,
443,23Q6GMXYr7g6Td5zHGXyuKSnaS9jfk5qtiH," 2,044.000 ",,,
444,HbP2UXZ9nmow9w2tfF4TAY6JzKD9c8JFEU," 2,010.137 ",,,
445,298hNnWSi6MGLWwv95cHotMNE5XuZeTd7WK," 2,010.000 ",,,
446,2RvQAnjmUZAs78z344y22RhEhXJU8EFj68A," 2,005.000 ",,,
447,25TcVTkNcpoCbTkjF5FWuWqPcqPWNgS8wuV," 2,001.593 ",,,
448,ZSoKStgSUV1X9bygYgC6bjA7W8FdzFzH8Y," 2,000.000 ",,,
449,99g7MNWDRuPUAXs4dRLSPhZPkERAhaE4th," 2,000.000 ",,,
450,axFCY5ZELzcUMomy7sN2euEEPu75zNjvFr," 2,000.000 ",,,
451,v4p7zTVbmYwwNSdFbD5VF2hmFaQSJWkvSS," 2,000.000 ",,,
452,cvHYw3eVoDrdTqV7T6NcRURJdCmbX3bjHC," 2,000.000 ",,,
453,299vhFeEkWwjstRmB3a6weN2Xe1TJHThyVH," 2,000.000 ",,,
454,rCaGicWpRSWsoAA7zkF84pNgLgEKiwfwHu," 2,000.000 ",,,
455,dJY99mP9YWJXfD1UWhuUL2FJqVYhjxEwep," 2,000.000 ",,,
456,2C4iffW1dxCyvNb3TeGRDiRMmWKnKNm3vb9," 2,000.000 ",,,
457,JwSCHiY37KdAtqbh6JPFRm6Tq6YqEpY6XA," 2,000.000 ",,,
458,2MCcfvgRZbPHxNxdor5rvDsWqzsxdLXW9xX," 2,000.000 ",,,
459,pj7BHh2CnLVsvwZATS6EZnGhAhkDncSkRx," 2,000.000 ",,,
460,2dABJMpVpERBvSBMCiCqcVCVsL97b6gcnsH," 2,000.000 ",,,
461,7v4VRy6cf6KQXmmcqh8TVJaikqaSZ26uvv," 2,000.000 ",,,
462,WHsjV8UNf1ZMBCyaqL9gUuEh4ps3BD3Lz7," 2,000.000 ",,,
463,hqnEJfXUBQSuhLpkhjk39W9JXc75T4ruLM," 2,000.000 ",,,
464,ZZuvvHKtD2u9uE7jT36U6TDJ1H4xaiycK3," 2,000.000 ",,,
465,vKUauSsM2xgx6NiUBNNKPXocvAK7LzuoCE," 2,000.000 ",,,
466,X8ScH8Nme12sYZKDV8QiKyK4N4vJnFHtup," 2,000.000 ",,,
467,2VGKLWUp3V3k7woBZ9tTK7Ccgdj5mgucQwD," 2,000.000 ",,,
468,gsdMyrL7KTLDAYRGiM9LhE9FSmGyd3tSC9," 2,000.000 ",,,
469,vpmhMP4ryMhtvEDHpVBSKSUEnD1qy6Rwde," 2,000.000 ",,,
470,2RkdssdbQJEYc9V1s67ESaTHKvZivWJkYxi," 2,000.000 ",,,
471,8XHBD3xEsbes3qmgFyNBSjpj86gB61RpLx," 2,000.000 ",,,
472,2m3hnNFijiKyng8c1aB2MNjYvMDR9kAtkEi," 2,000.000 ",,,
473,iAodX6aS6WjrxAuRLQB5GGKySVEteegi5a," 2,000.000 ",,,
474,4NV3hwFM2n2XAq8KA8aPbNysm4k6j7YMpP," 2,000.000 ",,,
475,BSrFuQmHjLwGiZTQ8fWZvp6WWdvP5BUpiD," 2,000.000 ",,,
476,xNCi1m8d2gdoqkBfPRa2KBc5kTHvNDwa8w," 2,000.000 ",,,
477,sG4CnZ3brWZ75ojL4tmPTXT4RWwJqfA6gQ," 2,000.000 ",,,
478,2UJdAwYB3uL6rc3H2XXFMX7u1zqqP47YLPa," 2,000.000 ",,,
479,2Y1Xda3zgPsYSibBdNBMbJGbkWs3V7iAUs3," 2,000.000 ",,,
480,3RBKQeBRwjLULfWEzLFCqyN1JdUDZEYeux," 2,000.000 ",,,
481,pB8YPQLpw5agXGpPTRMTtLURbVYSQEEGVS," 2,000.000 ",,,
482,24gd2Gw52f7UTQaHyZEMohDLJK784Bg3wuo," 2,000.000 ",,,
483,2UGd5sf3VJ4fXhw3w8SmNkNQpJZ4mtqjTQs," 2,000.000 ",,,
484,2MDoRjvJQWujr689Rt7EDky9L6fgEezQJrq," 2,000.000 ",,,
485,263fMGHgSp1cNCNVLEey5jk3p3pRpg4vphg," 2,000.000 ",,,
486,Fs2cT2VX7iKTvgYqp7FRMAaBexQYkieGb4," 2,000.000 ",,,
487,azDGUTqSLLGztDJbhpnYyezjRuQqMPAdb3," 2,000.000 ",,,
488,bcxjFeTA9eXY3XDsbvvpVbMZkH2cj6NgBa," 2,000.000 ",,,
489,SusTgMCtDJ2kYiGW1JWntUPvJN9mcuiRv5," 2,000.000 ",,,
490,Faj4M4rH1mYsR1DdRff6hHigPTemguss3H," 2,000.000 ",,,
491,27hYHar57M1jE3nhddswDEwjweisxegXouw," 2,000.000 ",,,
492,JFKiaxPZnYABZT7vSpmJjqaHt1oHRAVwBV," 2,000.000 ",,,
493,2DmxP821yWhfEPAxuJ1xdP3Bp4Nqy6gcFi4," 2,000.000 ",,,
494,E3AKaSd8LSitbkXiMQ6YRkYBuhasoGcNi2," 2,000.000 ",,,
495,ZjMFgEgA9sLW2Xyz6dmT4dQh7BYV9VX4AH," 2,000.000 ",,,
496,mNeL4FQTzXVyUeRxkBdbSNxFwfL14JFTKR," 2,000.000 ",,,
497,vW56P2Cs86iUeQ6m1FHNVZJbTor19F4zx8," 2,000.000 ",,,
498,2SmWApEMpnJ8N53uRRkxaU4gmhcoMb3ha6s," 2,000.000 ",,,
499,iZwMHaRSYfB8jg5NXARLEPGKnADCHfsLgq," 2,000.000 ",,,
500,2EJCNjFfLHiiGNH2Ttpvhudz4SSjrVNUFHU," 2,000.000 ",,,
501,wobPxheoynogq9bSpDFiSRv9ymP6C6raGb," 2,000.000 ",,,
502,2e3sknx6cVUz4n88vUwkBQf6NWg21L7NSR6," 2,000.000 ",,,
503,fGXuaoNkWzet6XLqefZshV3XupDpVqNern," 2,000.000 ",,,
504,CiHGftTc4uebGmxisXEsZAY1pQWMxpEqag," 2,000.000 ",,,
505,a1tyyQ3adC65W85qLMbUXSBSjrp3EXjSaX," 2,000.000 ",,,
506,2NVG3TfKtNc8498UU3skEMEMZ5sgkcgJNGo," 2,000.000 ",,,
507,PL7ds93eyDiDA55x34YTSa9NGvUrERw5wo," 2,000.000 ",,,
508,ARzqRmGhYe4p8XTXdfPxFuiXJ7m42BXV2J," 2,000.000 ",,,
509,CPLWZYSn9fAZ7SBi2PA9c4i1AAD95z4jMy," 2,000.000 ",,,
510,EpHtuKhABXC7sHK5pgHHATXfQ3iozAbpDL," 2,000.000 ",,,
511,6toCnFwtvNaRVRjDHUxG9n6fE9w2M4sXyx," 2,000.000 ",,,
512,2FJUA4NyLYW7vSTnCEUYWisp3JtC8q1XEvu," 2,000.000 ",,,
513,26b5HTKsA9kas9LCgRvX6mkKTSjoow2gtUe," 2,000.000 ",,,
514,25Hy45Q8yqp3KD6ACtbNxUa458mxEKqeYZ9," 2,000.000 ",,,
515,2GUFjNeuD6gf8pJKK9YyaexQfLtVJHxmWNa," 2,000.000 ",,,
516,QqzaYJfNJdXjT9TRr8x5XTGSiigADPY8Ep," 2,000.000 ",,,
517,s1MTT1kZFcJP6gvcKfEqbQQuTMve3SYLcf," 2,000.000 ",,,
518,vYJzzBGFrs5MZfkcehUaA11M1HGhTvhDdo," 2,000.000 ",,,
519,2mGdwrQWPRywGPgXwc29ghUQvBfpznuXMVH," 2,000.000 ",,,
520,3jfm7wJ534CpVQFG6K8iqbXoA7ozHbaUq5," 2,000.000 ",,,
521,2JCqvaPkpoMbzEVsDN9R5aN3RTffq9T5MTj," 2,000.000 ",,,
522,UQSue65Siq5ESC8yx4Vvv1oVSAKBzn2EY7," 2,000.000 ",,,
523,U8qpEnYGZ2cDEgbDSx7AhzvySZ8bKNmuZn," 2,000.000 ",,,
524,2ZKWWGiqV3r3bEdKfZunLvr9JKVso26eYP5," 2,000.000 ",,,
525,dcVqvGRLsMS44yYcMg9KcZVLaL5gSBWjJf," 2,000.000 ",,,
526,Ffij3G181tYkJMumEwhSbYfsKxvuSanKRe," 2,000.000 ",,,
527,2UqzCTboRBbHT2Zt6ivDjBvd1QMXgMiEfxz," 2,000.000 ",,,
528,17iQzfB8Q81HPznhffKuPkvoLuMDCQNVHT," 2,000.000 ",,,
529,2Mq8pancPZdwvjp3fAdchLf7paCTE788hJ8," 2,000.000 ",,,
530,EaynpmcfaaU5QyUSTuNSeuiuZmqeoraW1i," 2,000.000 ",,,
531,2D6ex2H14T92pFdmY7nHPyaLTN8TTPoHrp," 2,000.000 ",,,
532,XgmenVxdY2MMGFJWc2YwcvRzVUa4sL3382," 2,000.000 ",,,
533,YNM9YR6ZziXCPhmb9KqiYcqDnmbq8jNj9f," 2,000.000 ",,,
534,2fMXj2qqc319NnMeMmg3ru7i5iA7Xd4CdJ6," 2,000.000 ",,,
535,xYUAJsPG5BUZuPHwuABNEPJBpf6KVD7t6J," 2,000.000 ",,,
536,q2jHUtjrFU8pZzQTdRZADGnFQGt4LXSz55," 2,000.000 ",,,
537,2iEj8C8vt1YJvhfFpNgEtrrK63ZX5UWC34W," 2,000.000 ",,,
538,qe5FhN8GCbniqmS6CFAT9f7ZqNEXz7HdRG," 2,000.000 ",,,
539,eCE878UyvC8XsoWwxJmbRa8cHKVoKDesoU," 2,000.000 ",,,
540,2N5ugpmUdY3AvmE85Mp92NHFT1CREToCiCZ," 2,000.000 ",,,
541,XNNyN2fSUGkf3xDw3P4CNk6Tp7xfzmun6b," 2,000.000 ",,,
542,2aXYC2hxWjTB9Ub57MXCmF3vHYN4zQfTCTA," 2,000.000 ",,,
543,aSSwSDhK2aZqxmy86m7bDZcttfjtpW5aac," 2,000.000 ",,,
544,2NBAnNiBNpj9ySFx4w9efsDLxsBRzt2YCh3," 2,000.000 ",,,
545,vWDUmmLvC2fMJ35er8MLcLMK3KXmwkPiuG," 2,000.000 ",,,
546,27FuxXdxGo1TCPzkDkWWAyadxkReqGbWus9," 2,000.000 ",,,
547,f9V17uGCJgzAz6BaprqagaUE3Bw2YvXmmU," 2,000.000 ",,,
548,ddDDPXuoZi1aHJSr9oGYDdvpsDheFr298o," 2,000.000 ",,,
549,8sHH8FwF6U3146SxpyjoRL3YqbrJ7MYAoF," 2,000.000 ",,,
550,f3AxjG6erhWdbHdh38yVBma4DmX5kgYZM5," 2,000.000 ",,,
551,e3FfKC52sFeHLBTzpzYJwYSkUeiqkrdVJj," 2,000.000 ",,,
552,2FiNYNLccYGn1YVrPNELFoduWa4bVLox4RU," 2,000.000 ",,,
553,zqKi67oBjixhAEbtvqbJyVVWZ8rXAygvEu," 2,000.000 ",,,
554,22aW3iwADetwr2bXX7oXGpyXCpoAVeVjEGp," 2,000.000 ",,,
555,24NVRfPNUMWF2wLa4DPE5P2BLqGDrLiikwR," 2,000.000 ",,,
556,2PAwvqZuezwedd7F7JPKErUM4QT62a6RYnC," 2,000.000 ",,,
557,28ZNrXVpKPHm1i1HbXhUUUv5ejEgm2mdDxk," 2,000.000 ",,,
558,sv1ESXAXBX8PsURHZWfv5uUXJCG76q3iQ1," 2,000.000 ",,,
559,TNLdkxVoB3gMYYTdv9iZmcXrqU449PxHik," 2,000.000 ",,,
560,2M4C9AcvjMEJewCSjHUpBWEx9RFkVgQ4Jt," 2,000.000 ",,,
561,7AX2kDFsrGpxn9aUPFZwYJ6mL5xi9iNqLX," 2,000.000 ",,,
562,ZS9FHY4RqQN2V3Anh3MCNZMTd5ePG3g75y," 1,990.000 ",,,
563,27oujAfniETnpUF17ASJq3smKBayDPLtnx4," 1,985.000 ",,,
564,vxKipDDfUsM12xko8c7Cq2EM1oRin9Vtqr," 1,985.000 ",,,
565,dcjFqZ5JZMnJjLno4mGUS6LvUyi8ckGHyR," 1,985.000 ",,,
566,o9cQx9Cm8ZuugD8k95Nf8fGZm3odhdhFFB," 1,985.000 ",,,
567,2NSpzG2kADsrX52Ca3WFycE8Km4F6V6pTkg," 1,965.000 ",,,
568,nkCAC3RVHzqrH89WLTiXRdeYDBhcwKozZr," 1,959.238 ",,,
569,NwvcfyeVjvbFCDcVt7JgTgtzB5fL7rrDcb," 1,929.000 ",,,
570,8Ui4M5CrAsPT4PUB5S6wj9J3b8v8sNGkSd," 1,928.000 ",,,
571,WaNNVqqVRWvJ4mpU31WCPTw1N4SW7pzqcr," 1,916.697 ",,,
572,28JuXHJjL3k2NVRGtioENPyf21QRZUztJi1," 1,891.931 ",,,
573,2X7t7HZsKevubrcTeZMtDxgB92z3xnE4137," 1,889.437 ",,,
574,2KigvddRK6NnGhVr2mcuxtLK7DJrTD39mvP," 1,874.000 ",,,
575,ZRkTWTXeZRm7cg1PXNf1cX5Vyzdo41eN6a," 1,857.000 ",,,
576,2CSRhtfRJ4ZPjkLGs13bxp3DThYnq9vMfvL," 1,852.000 ",,,
577,28CHJJPw3TcbK246tW3GvuSGpvJJwXA4o25," 1,852.000 ",,,
578,KZwhke7EzV3uLjeEAQzPdh7fBnm4bXvipW," 1,753.244 ",,,
579,29zLs75D8SEG4BhbDBRQn97hWb1Noeb9VSR," 1,708.288 ",,,
580,2kQbKgUi1M5NJUDXrNWkDgghGPdvtDohXPj," 1,707.500 ",,,
581,2VXkvvmM5uiDQDEwitWHa4GYzsS37YswwQD," 1,706.000 ",,,
582,94KmXQkumMmMYsvbMrpYDEyzkiSS5MFPTp," 1,676.000 ",,,
583,2LHpRG7s448bSCX87BN9YFwwG7Aounym8Pw," 1,644.055 ",,,
584,2HoJo4vE3fLMJtNinnNfUuqxWU8aPxquSvs," 1,615.134 ",,,
585,y2t7pAw9jBKWkJ1GWNwHVmdMYVxxSeUgkD," 1,613.000 ",,,
586,ycaVyUeRjruzAe4UqXmGQWUrkZCxqF91sd," 1,611.000 ",,,
587,d3sBETfV6sa7RmYGtjRB7UXzBtPKbkeRDZ," 1,605.293 ",,,
588,C5VXAnATdsEPmZgqzV7JBCNptaJppgeyAj," 1,600.000 ",,,
589,YsLN2mfButSsaiy7efcpREQuuRy6Rohyea," 1,600.000 ",,,
590,4iaC7giZMGfMz8YrHv1gdBCpze63nXqefX," 1,594.000 ",,,
591,2d3qBMrC2niKrpiY7gyG12YdtxBRBN2myMR," 1,579.000 ",,,
592,231GzY5w2pTN9vXXa95gprC8jnyZVZZ15px," 1,559.576 ",,,
593,G5Ed7f4cNwcutm8D99HWFxF7Yz4odkomx5," 1,551.000 ",,,
594,wTqqQGnrqUewene3SA7bUPccaE8wzgFP1u," 1,547.000 ",,,
595,Jc7YeMNa9CZQZTpvyDTeEHpf5M2kTvSHrE," 1,543.000 ",,,
596,vo4ycGSvYDM1dcLoBpf9VgneZwCFKZPjKT," 1,532.097 ",,,
597,yjijaPFaghDaKmvkwgJPEMZwzbrVDPpzdV," 1,518.189 ",,,
598,LMRbNmsP8YZpUC8Zr967u4LeKTiTisBapr," 1,509.000 ",,,
599,2VhBdhvFho1195QionG5GDH3B8nYjC8ESuv," 1,509.000 ",,,
600,2VbFh9JG4b4UhxwzB2yC7dWsFmB872x496k," 1,509.000 ",,,
601,vnkYqWdo5gfvnNofXKQGSNDMKyrMSqfAZq," 1,503.000 ",,,
602,L51BH5EPD4JTyQKcZpxT2kHPJ1nKku2Jwx," 1,500.000 ",,,
603,Um6TDjiCADJvWkwx6HJbWp3y4gbysETZwx," 1,500.000 ",,,
604,2TE4TB4rGt9EnyJBanzRRzD7TqdZUT7L2xy," 1,500.000 ",,,
605,EK3tyXv2Xwq9dNpgxZ14GKpMTpkdTt8zRh," 1,481.000 ",,,
606,qPVZWayuEt3fpQag5aBACBd9M8XtmgWbwU," 1,434.000 ",,,
607,2d8dduLe9e2ZWWfULzb1csM5tc2AoQ6f73E," 1,429.000 ",,,
608,2Vhf9QnxqtUkVpfMdE9ZyJjcVqNno8eGMpv," 1,428.000 ",,,
609,2TgdtUzGYLi9kjSNj9YoE2HrtYph1RU8qJd," 1,427.280 ",,,
610,2DYjACFBW23PpJiNk39BUWTx2u2asKEi4cv," 1,413.000 ",,,
611,vZsndZE2WpDRsA4UL4LkoEgfRA6SFQdyNt," 1,411.000 ",,,
612,kpAaEwBn3yW6N8CwzfKRvsf4BojXV77Mrd," 1,401.000 ",,,
613,kkzrpiiLDqGk7eH6SwVdwEq73QkMW9rSPL," 1,400.000 ",,,
614,bTUbEjoEd9SjK58SRnBqkaFWoNVujUCKH1," 1,394.000 ",,,
615,JfJnmxjdVnWtM47uJnGMQ35XQFdfkuRwHx," 1,387.000 ",,,
616,LfrMJrzSJxRGpE98zDhNR5i7k5nPCkSS65," 1,382.000 ",,,
617,21CH2JRfwREiXSVHz5MupPomvRfWuMWzADi," 1,380.000 ",,,
618,23sx44YKeHBWQJjswxAMjZCbwZmX9iTKvLW," 1,372.000 ",,,
619,2ZyGK9rZoTJWHqeMTKwS6mcW62qqj62rWFW," 1,372.000 ",,,
620,b1b8iVegutD3H3NAR19TZZ8BLjS6rinThm," 1,361.636 ",,,
621,QDE1wWk2JTAB1QaSuAn1k9T5nB9TWJv1PB," 1,350.000 ",,,
622,2B7qt9rG2k26vBUVKSMwRdf6Cf48WjVnUP9," 1,342.000 ",,,
623,sAarLd56auFFiVsCqjkrEY9Uw6LgXQ9rRp," 1,338.593 ",,,
624,VR2HSpkSDrnSWAkkLPN3dFvY6Y4ToJjQeo," 1,334.503 ",,,
625,zTxxZa3qqmfgX12F6isPAiE1RRFXzM3Qqj," 1,311.686 ",,,
626,2GTS5c6aNa5uQEp7NywVrTKJi7QDdv4G9SS," 1,298.700 ",,,
627,UkVNDuGKCojhkWuz2JaBoKgVZnbP4Uk4hv," 1,279.267 ",,,
628,2kWL1oe2s9SBbJHKbfDY5jMCc8XCpWeUthe," 1,274.000 ",,,
629,2R3nmQZq58DPFwzVtXsZw23x5Ch5Aive1ND," 1,260.583 ",,,
630,2UNPtLB7PMPMA3yZRzBEic5MDmaKJazYKaS," 1,244.752 ",,,
631,tT3TmUy6MyErq7u8zuJyQwXRJPo7iTpQUm," 1,241.000 ",,,
632,2nH3kXcbAPrG7ZSkoZmFYFs6aBHgViLvkB," 1,207.439 ",,,
633,2LoVJbcLQeFEcbL1kNY2t7MNpzoqwJKd79g," 1,205.231 ",,,
634,RcRWcXRiPC2RKgfBSCR48HqvrWkeWgbjE5," 1,192.604 ",,,
635,mT8DyMyE6cu34iuTeU1ArDmdTkvJssvn3w," 1,192.000 ",,,
636,2Sk3bPzFSX5ViCw6vuEu1PxrBjihAqZwsdS," 1,191.000 ",,,
637,22VzhbNeeJsiGwo68dzNGyUq5LQuqumMgUU," 1,186.000 ",,,
638,9ePuzUJgeV6UdDCaJkkB6pdLQANJGpTM2z," 1,181.000 ",,,
639,26fXkXq7Hd7MQg7snag9RdeYzxMoJfKRhUS," 1,180.000 ",,,
640,26mUcWLDjxejQ7owqvgGcCPFDizR1RMavPb," 1,173.000 ",,,
641,NEM3XajMbDX7NSU64y9ZrqcwhGpVvXshow," 1,136.399 ",,,
642,8tcwfPJ9MVE8y8vH3yADjnezQfYYFzsbmb," 1,120.000 ",,,
643,pDvA9Hy6HYsgFnp3GJgajFU4gqcqXADGj4," 1,111.117 ",,,
644,9HJ8p8wXHLJY98M4oF2DUFuJgxz6rSfMJD," 1,100.000 ",,,
645,2JsQyrvNsX5jUZ6whP4gEJQVmz1121dRSNj," 1,100.000 ",,,
646,U6HzG2DhKeLunxMiapjeNw5HwUqnSf2oRC," 1,098.900 ",,,
647,2fnnPPUXPhTi9CjWhyCuzE4PpKvYC6Hhkx6," 1,055.000 ",,,
648,2JMaKHZyUujzmGQwcrHcLdwxs9Ya4rarTpQ," 1,052.000 ",,,
649,2afhCBtcPewsfR621TSmCKfgcVbq2rtsw2H," 1,046.565 ",,,
650,wYEabwKLNGPfeCqTG5ozTWR319V4Xgwcou," 1,042.000 ",,,
651,2NMrXGa2FFCA8cMpiTrXZr5T9oYBwnvcTdG," 1,025.500 ",,,
652,y6ByYSEZiL7EyQfbZ6GCPjA323TA2UA6Wr," 1,024.500 ",,,
653,K494exNQEYqWUuR5zHb1artAFpAYHRK9Gg," 1,015.735 ",,,
654,24owfXXc3StSAmXZVbmBeAQK7TcGKhBrUf7," 1,009.000 ",,,
655,2mggDXqQTotFMRdynMAqKHC1iukBdcajsvn," 1,006.000 ",,,
656,JrHNfPWEquGMLMtrSyhKuDkYVn1PMqMe9g," 1,005.000 ",,,
657,eNFQPhpy47QvUMP3eNkXBSkEaDaQc5x86F," 1,002.857 ",,,
658,2XaVopikUdHgKyzmNbvUgk1ZDipAM1L97jq," 1,002.000 ",,,
659,NEevy23SPiPAcbWD5XjhvRVh5aFfJ5Jthv," 1,001.000 ",,,
660,2XCcx2qDFrSxjtbd2un3cuFC36LsfGvZDuu," 1,000.257 ",,,
661,Z9WpWt2JYggephZY1Fia1ryK1o3SPTMUjE," 1,000.118 ",,,
662,Ty5PRjJhkcqTeGKQApJEz8wgcn7sbEG6ZT," 1,000.000 ",,,
663,2iiwBkGJxFfHaFTare6RWFReeXW5947euio," 1,000.000 ",,,
664,ATDnK877Sae2fwuyKzr66mL9gudvMYG5Zj," 1,000.000 ",,,
665,Ribmwr3suiLhQuWXrSnWdjfV6x4NkTU9pj," 1,000.000 ",,,
666,2V5rvRpgDix3ARpbWHiikpHektxq9UfQrjo," 1,000.000 ",,,
667,2KVnWcX9Sw3wstXwrhVDgMbKf7SVDco181L," 1,000.000 ",,,
668,2J54wgWWuZWaUGjDA52xiLiQUs2xh9Jc9U4," 1,000.000 ",,,
669,2NKYwgEnSVP7YqdfkfdpHHousSGkCanAmDF," 1,000.000 ",,,
670,2KkU6AxUMCGxmdkWwRE6MSUzSDJfgbYbJBB," 1,000.000 ",,,
671,3MQ2XtCgNr8mvkSEMwpkFNvX3QxpiyAQyH," 1,000.000 ",,,
672,jt2u7eDmYkKU4HjTGq7QspbLxqy26Sxtkk," 1,000.000 ",,,
673,2ULu1JWNgtRg9sSS1XBpGcsamXMiHUChTCA," 1,000.000 ",,,
674,hYasx9feeAssM3CtkfNaa2tjkHihpFUP1B," 1,000.000 ",,,
675,SNothYDNQUhtuNM4pcVEQwPVrEFgGFdAjJ," 1,000.000 ",,,
676,2j7Fn55qtJXtR9Pq3kn8wRAwHkjSoCPLJdV," 1,000.000 ",,,
677,xxAz5uhC5pdhDxRaG2XYpnNTtorcTxYm2D," 1,000.000 ",,,
678,LXMETu7VS6Kb8BhxzKMHYETRxQfpLhLotN," 1,000.000 ",,,
679,2NiaZjyb8TyFbAKa2vWepL9qjd7mZrS8iPA," 1,000.000 ",,,
680,ugABBH6Lg2Adc82VcWHRMaHyBcDUuC3gM3," 1,000.000 ",,,
681,2F5af77WAv79YycNfjJyNGzAqEbjfLWbXEU," 1,000.000 ",,,
682,vfUGd7iXZKZo6q7nxyXmvMxaZXSSdixG5y," 1,000.000 ",,,
683,oR8g3u96DcLP1NbeY4tfk465Xq2fCaTNqU," 1,000.000 ",,,
684,dGKbwSwfeSWFdTK9iyczTpq8ryLPGTT9Na," 1,000.000 ",,,
685,n8L4tf1tq5k44kiKK9PuizUmGqNUGApxGo," 1,000.000 ",,,
686,zsk2c57xZjgku412ZWSgCZvtvaC56GFFpQ," 1,000.000 ",,,
687,ZWG7bYaguoLNRxXJQXZT7htsQkhCBNepM4," 1,000.000 ",,,
688,2LbTt9n8dxFKEkvEBcoK1baGCiGRh1iY5KL," 1,000.000 ",,,
689,qDB2eLMWNdgURgADRns4oEAyy6h4zkEoht," 1,000.000 ",,,
690,kybxJvsrKZYQ3ggsovp7rGwTaF2kfoEsnT," 1,000.000 ",,,
691,2jw9d1MvyjrEQ5d63RU7KiCqU3wHQwsfVJU," 1,000.000 ",,,
692,UxcQFW5kg2jcLK327ThYYEfpRTYxHcLwp3," 1,000.000 ",,,
693,2FowECVLy1A3gmA9UBGV5kn46KriVjCTnkC," 1,000.000 ",,,
694,44imosU1Z1wWFogNqhJ5BUCSzdqvJxvwZd," 1,000.000 ",,,
695,26WVAA4FnBg1GwiKkqYAWR2S1ZjwoVP4nre," 1,000.000 ",,,
696,2kNbYh2tAuTE1xxD6rB41HNoQQsv7Wxmyqm," 1,000.000 ",,,
697,TFetcehi3kU7B49agKDU5sHmL6aaGcUyC6," 1,000.000 ",,,
698,2EayWeb47THVRf4PxBHX2xaSHLDqUZiS6SH," 1,000.000 ",,,
699,WzminLWS1LUTAzT7qghx2DYrmH8Hfn13Go," 1,000.000 ",,,
700,kA6Nu9rBZE8VnsCPPxgkyuHYH856eAV52a," 1,000.000 ",,,
701,2QqGPjLn2XyL3N8qCEV2BCE5nwtutLfENvH," 1,000.000 ",,,
702,zXQni9TqaRbBQyNqYusMvYZwJ8JT991mpa," 1,000.000 ",,,
703,oQS2cR4tof3g4jYPL4hRrJBdB6CRsPadig," 1,000.000 ",,,
704,rSRGTSVdCmX4checWSefxwvSRSMXuGqzVh," 1,000.000 ",,,
705,VWB8jgzwx7RPwr66ZC6XDmD8RtLArwCACV," 1,000.000 ",,,
706,26W8YEScJE13uPetrBitB7BcukcryFEokWH," 1,000.000 ",,,
707,6E8Jqq2ETnjb6STAsgFSMZjZ614xEKigsQ," 1,000.000 ",,,
708,3k23bDSWGdvG4a854KeWMR3MNE9k7PhD5D," 1,000.000 ",,,
709,DGQ94bwV8WSGJizx4yiyjJCRXLjHsBZ43N," 1,000.000 ",,,
710,2csfxWsQAgAsr2ZKGM9qSSDHvzQfq9c9JjE," 1,000.000 ",,,
711,2XruRnFYXiWv7EWt8io1vkFybAH7f4SHfb6," 1,000.000 ",,,
712,288hwQ23JBHyrPhMpsPA8k76jrq4K2KzsLb," 1,000.000 ",,,
713,BypF319eNE8a5kGMvAHQKq4DwRtmYHg4t4," 1,000.000 ",,,
714,hKYWbE8cSHBbkfnKGWY8pMEs2A4sEsw4Cb," 1,000.000 ",,,
715,2DKekpjsRGuvoJd1ZHN4j9o8MC1UWP3qcq8," 1,000.000 ",,,
716,2jKjcX1VGSq67ryWaPDeUj7uTu6MkwLZQck," 1,000.000 ",,,
717,2KSxauZD6bkJkXDtAcpHaWuRsJ4jCka2MYw," 1,000.000 ",,,
718,233X4eRK1DR6L4TAisDVUAf39fzrKq9gyPg," 1,000.000 ",,,
719,2Nm9vMEEPKvL8YM8zXpLm3WiA8pi4oucCkd," 1,000.000 ",,,
720,LRQTb9vmBFGbxqPgJVH267wiG33co6jPdR," 1,000.000 ",,,
721,2G8Qoyzcn24skXwjtaJA3Qp5dNgeRoeKQan," 1,000.000 ",,,
722,dA82EgBuXpganNm8YuqWT3BrcDS61BCJRh," 1,000.000 ",,,
723,2C15mrg9oT92bCKikcfoioaBEgf874XhuGC," 1,000.000 ",,,
724,2cmC2Ri2Tehv2Hm5DBiwWRiwSK83qSEVYwB," 1,000.000 ",,,
725,fjSK2VJKJFENxqfM5YeVxnnr9g9DPmZ3WP," 1,000.000 ",,,
726,2hV7vaKRMPPrgtDqjSguiVJQsduJDszBN5c," 1,000.000 ",,,
727,wTLxPStSDwRs1LQaB3CZHahy63y3moXY46," 1,000.000 ",,,
728,ZqMgaLmeVRuzJK9eWHAw26b7825KvXyySA," 1,000.000 ",,,
729,2SaHWwoSjqw5nQgF1dLLxqDWkhQRxsdHzCB," 1,000.000 ",,,
730,2AGFpUVkqziY9Vqnrtfhy2PNanFULeNF8yC," 1,000.000 ",,,
731,2WK2e2BimkqCBptcqMHUZNN7K3TbDvLeqXu," 1,000.000 ",,,
732,eH5P6m2PLkYnr2SxsHWLiRMKF5pwaE6rLe," 1,000.000 ",,,
733,29wKf2b62WKa29rnvbk5gnxhLJkfL5HGm1y," 1,000.000 ",,,
734,BRp8cdG9wNgfjAVaZCP51yW6moWnUTUc2a," 1,000.000 ",,,
735,2kqyYw1RGYGmKRVD98PB7iLSuVGrp4FRhzg," 1,000.000 ",,,
736,daMzroK21erzbmjfy94x624aGbXiL4huup," 1,000.000 ",,,
737,2GThbaHYTx7Se31zcgYaSp5uQU5JSssuFS6," 1,000.000 ",,,
738,2dJE2ZvrjAULzK4L72wv7bpHiedNSFK8ohY," 1,000.000 ",,,
739,yXsEnr1cmMYC5Ucv7DP3oSXS9HWcbK5uUG," 1,000.000 ",,,
740,xZJqc2WfrW7aYcFj1MNk6diaFNwfPqVAjJ," 1,000.000 ",,,
741,2546haS7JCRZPyjKtrziBYUvb1yDojxkPRe," 1,000.000 ",,,
742,23ah5BYUJpZvXd836gUirZtb6hFg8S1oN8S," 1,000.000 ",,,
743,23LQuNMTusTca4b1Rt7wkVUA6SM3YLFg9TH," 1,000.000 ",,,
744,JS5Tdujyq5fDKwgw9j3oo6hFyAfPgQd4aZ," 1,000.000 ",,,
745,2XeYgr4AvFvv5gJWrGxsVPwPnXcBGeiuQ86," 1,000.000 ",,,
746,2AAcQxcKcrKEoaUX33ccTwguyot5sP8TQGA," 1,000.000 ",,,
747,S737FbKDSuStGttRKMD7XjunkiE1cozWDj," 1,000.000 ",,,
748,2F4Z2ZF9ifdjUHTyLRhKBMnhAb4gjghdPmb," 1,000.000 ",,,
749,2Utcfny6R1fYqTaaJK976f6jpPDu5HiqUif," 1,000.000 ",,,
750,TxKLWTEdpGTvPy5D9hdbiu8NDhoneAnD4y," 1,000.000 ",,,
751,24MC2S1whfoN2d5HrSBDbP7zs1K9bRCSqV5," 1,000.000 ",,,
752,phxh3wkGDjQnVor5B82EsoLiQEaEzycGXA," 1,000.000 ",,,
753,2DNsGhGr4yRX5fcGDJcM7ZHLwAs4XF7p56S," 1,000.000 ",,,
754,z81rnoGh5JiW6RbErMe1hVQYg45BnX3Wb2," 1,000.000 ",,,
755,2U2vhETCZuWaDZDfANccc5GBFVzbCUd3vJM," 1,000.000 ",,,
756,XULneTsXLqDXSsXnorfF991VVqQwi37bG1," 1,000.000 ",,,
757,2CnYsHdnaqzAVQp6Gcthk3UCYXDVdj3LVeD," 1,000.000 ",,,
758,2Zw3Vy2DTaYFR3YnVv8US4KxryzNvGn1gyo," 1,000.000 ",,,
759,2ASXVmpwJtJZpLj5Wggoytp4Z9w8vSGBBYM," 1,000.000 ",,,
760,2MZCJv2TrLq8Lnmj1AKq7boxbxWf2NfR6WL," 1,000.000 ",,,
761,bHBTTVv1UqNF7U25zk4Z8TGV5HZ4kTT7eq," 1,000.000 ",,,
762,NuU8Vub4D9qdNdHWYfvZ55uW32s4N8yPMN," 1,000.000 ",,,
763,26zdGqQ1ZC4PVF5ujCQLq8SW5fTEsxvhrYZ," 1,000.000 ",,,
764,7wRAJwgTfBrTvr86Gpzd6GVpZAo4BBQkoR," 1,000.000 ",,,
765,2YePhZ6FivUTFYK9ES1CTiU6cJvrCjDLY1B," 1,000.000 ",,,
766,7KUyeoKhEqDmCsHtTHtM9trEC9KUhHmDBH," 1,000.000 ",,,
767,2HViBmDxAN9vMLPKzPATTmEsT4BbqQssvLK," 1,000.000 ",,,
768,198X4ZFU1xx6g9iVfoQMTg3HhGAsMCWXzw," 1,000.000 ",,,
769,evKLZx5uoChzHUyDSc7A5PiuZ5HqUb892F," 1,000.000 ",,,
770,rfFaKEh5nxqs1twdQZJphPAAq9dkh8wcyN," 1,000.000 ",,,
771,2eaQCqT81QVr5HHzQgtfanRq2L57no59Y5j," 1,000.000 ",,,
772,f2KGyjzF2DJn9cQ9tm8hqTLSLKxwpMWeeE," 1,000.000 ",,,
773,2WLqAkND2fgGD7r15tko2HyCzZxBNqDwaXu," 1,000.000 ",,,
774,ZWH5bZXqdizLSEudNNRWiGLETZcEtTRjGB," 1,000.000 ",,,
775,23uZm8rjAnTW19SPg73J7RTTdKecTG7yLQz," 1,000.000 ",,,
776,JCnnjJXhvdd9kZcaaYQko4ssQRnn124yqP," 1,000.000 ",,,
777,fzm4TZv5LjTqn4KAXHRF82yR8UP2oPPPPs," 1,000.000 ",,,
778,qeQNU9VN6ecojRYrQ28kFKg4HcUJvzmbGX," 1,000.000 ",,,
779,K1ohVrCLmbjx4wNkPwyS9NjbvwhV21dYzi," 1,000.000 ",,,
780,2GP4tLacMk98tV4M9tqAzv6sUpzTeA674Bn," 1,000.000 ",,,
781,27CWQogQTN2Aj6LPMS2q6eGQEnT6NG5NNeJ," 1,000.000 ",,,
782,iGPLoPHyf2xPDaBKcodHEFL6KY4F4LYf6J," 1,000.000 ",,,
783,EUGsK5WofhFrwh617TMA5hcUPVR6y5nBtk," 1,000.000 ",,,
784,2Rz3f8iTdoC2yMf2WdJbwPzpjV4J3MseQXo," 1,000.000 ",,,
785,2YZFrwQxHQczLXoTytEBwpHXQahdwaSktsy," 1,000.000 ",,,
786,2SxMKGSYB5kRngHV4Xekp9DyXmebSqhNFHr," 1,000.000 ",,,
787,2UErB5KGk1GvZ3kebUTf2qrvxu6JQT9KmRF," 1,000.000 ",,,
788,b2u94DspZbE4CCTuM4ZLb7gMeBygDWHx5G," 1,000.000 ",,,
789,diGshQzMFqBHMKNWpBqmgy6bdoPodEk9m5," 1,000.000 ",,,
790,2jsST9HPAvypiKkSkEXxJahcTGmR8C5ZXG3," 1,000.000 ",,,
791,QTkHNWcT7mY78rvqDx2KJzfqaHTLLbo155," 1,000.000 ",,,
792,u8AiUH3mxCCq1M39EsRvpghxsoRibBQ7pv," 1,000.000 ",,,
793,2bQSNVTakzVjRyvjmvv5jes4cfbRzLEbrUs," 1,000.000 ",,,
794,DbEV5VZwPBYo4CBjJ5fjS8L5ioKmSqA5aa," 1,000.000 ",,,
795,mpLfVhENQBgJZ6eZNtQNAZdxekvX9UtikY," 1,000.000 ",,,
796,2iE2iFhN4wHt5EtES9V7S36JMQaDEkACofC, 999.999 ,,,
797,2kAhUaxqiSkYxKtU4qerVheWmthneWGqN7X, 999.000 ,,,
798,YFhPC29WqTBuMicvVqyPuZuwgG13d9yZuE, 999.000 ,,,
799,2Hag2DQD8Zm7zTHmohKUyHQ3DDuKXqEgo3i, 995.000 ,,,
800,z7uQbowfc4EvuyTcmde8kXpeL6MMYkaZZN, 993.000 ,,,
801,cPXheivS4WaigXyqtzJbWikr9JGHeXKauv, 993.000 ,,,
802,2ViQRJVQ9PD7h3o3T7E1Q2Vs3FHfnuR2MqV, 974.490 ,,,
803,8TCwyGwgCas3xrY2po35vBYDzQLd361xQv, 970.906 ,,,
804,2HeBWktuDXj9KaTHNC9U4DKS9b3oFxhQgiZ, 950.000 ,,,
805,2RQzTTn3bpXbRHLHv5Qw1DZWAafUct3qnSh, 947.000 ,,,
806,2mPmhZd4xiSPiGY8QT3t6CKAs7eySqfHJYE, 926.000 ,,,
807,2JSMNznEXizPJ9nBMobcc6PF77P78wHwAZj, 913.000 ,,,
808,EJtb2R83XwX9miY67gEevtrTiPPZEpscvz, 905.000 ,,,
809,gF7ixALZmJ4yvLPzhbSZg8NSRSaw3s1E46, 899.000 ,,,
810,Y1Y1b8GHPTeWzjRnviDmDkvXAsEXzAZgC8, 896.602 ,,,
811,eXhvoLdQVcBoYxBigBFFwnbDCg89hVxddk, 895.000 ,,,
812,2mmgsYeoAUAPBuLNGC6EARV1MM1wLUt929m, 866.657 ,,,
813,iKcCfaxXHpm22n42q61UjbeZTtefRhHTAd, 857.000 ,,,
814,6PcgPQXjN2aYGNycq23cirK5y4iiuuhA7N, 846.000 ,,,
815,7WrMUGEe8LCDFerd6oPwPnNu5RbnmtTNUR, 833.000 ,,,
816,ByXPTJYxUPyZvF1MW23PFM3opoQDLcXqP5, 824.174 ,,,
817,5pGrfisHKwYdGB6KMfQobQ7QVUUGNKi62p, 819.947 ,,,
818,2Yj8Nb1KDLUBW1NbHEDTSqYa3jwgaZvk94w, 815.000 ,,,
819,2bGfQAbo2Q5JDxe5xsko5VUhVknoQdsiG7Y, 809.889 ,,,
820,2MZWGKDBG5UZa8XH1yAnbxwUFR2m3W55Prs, 802.000 ,,,
821,QUQw67Bbsh6mMxdkEfErEQNf2KLgbMyNXq, 800.000 ,,,
822,vF65GcU5GVBBNByhrGBUSii2HZrYM1y9YZ, 800.000 ,,,
823,i6rJC1ipYrWWdmBwDijM3jDfvpRtDZbjVM, 800.000 ,,,
824,Ufb9cu5argbLcHMotRv7rSLcuDDP2JGHC9, 799.000 ,,,
825,i7FHR7QpNyjNFMGF3XQfmDXJZqgikTdMoG, 797.000 ,,,
826,FGj6Ysqtm14ietKeJLZtGXS4biVxeXLw3j, 790.210 ,,,
827,6tfnJFdvmRRwpULgmKBvZKa1Ktg9jXpnBM, 790.000 ,,,
828,2ELihNMMUgyXF6R9GqRd3m97gttTesfmJsG, 784.000 ,,,
829,2VR8n2P7uAaqTW7XUTSpDwKdamoDKfcigNi, 780.000 ,,,
830,FeNGkHXAwUr9ULU4eW1xk2Lx9sbgXcrCEM, 765.194 ,,,
831,9ZEvn6Ku5Nrk5SeDi2GEPsgKjZc8GM2wba, 763.000 ,,,
832,k6fE58png1Tuw9Z7XBcyKR1rXbYYPPvkoV, 757.000 ,,,
833,2362c8dJmf5611boL7JDVovK5D9eRW9WYZ4, 753.245 ,,,
834,7AcjJ5gDWVDwYsAwNBP6XYsKQfh5YPYHCJ, 747.000 ,,,
835,J7jiEpivhouSw19px9HLAhmJBcAt2xoEnL, 738.000 ,,,
836,gfNaxPnWGc3z9eC6T2nvSB2qxEPPesGkv3, 729.169 ,,,
837,2jGAo6mfNcw6CJLzMkMURiHmK2KkTiG43NL, 720.000 ,,,
838,2CrsxHjaV14MqphDgDnqNfa4gr9JRmGTjuc, 714.000 ,,,
839,WmXSVpv768tmqTufGyWjPZmrQ6q8qcWFTT, 714.000 ,,,
840,9XBuH2EoYvfFP8uWA3SwAQK6UWAmsCQFsu, 700.000 ,,,
841,2knmGULXrhYXg1FVh8We2QVMMixw7Mdb3cg, 700.000 ,,,
842,2fZn54bNiKdP9X4fyPmrcjv1PP5N496wP8F, 700.000 ,,,
843,uXCqMe34L5pzsxMksBsdnoRNYiPBfRMjky, 700.000 ,,,
844,2G8a1gCXHimkfzfsyQC2tGdUuhEswVX5wnr, 695.000 ,,,
845,ZpRN8xTpcjVhZf7orn8ZhSKmU9paVw4Fbe, 695.000 ,,,
846,v8d1eMkeiFd2ZbC7htffYLKqsTnm6T39Eh, 693.000 ,,,
847,boVXZaPsZ93Qm4QHzHrdqNTbcsDEmFHS2q, 690.000 ,,,
848,2WZS8LsHFFZURo5vrNbkDGZWFC5FP4nZXKi, 680.000 ,,,
849,YjWePMNA58BKqcy8PeYyLSFCz52YVnJPjW, 670.469 ,,,
850,HKAcADhRSs6UyQyLXeTrMfU6uWLZSTA2Dr, 670.000 ,,,
851,2HizLGEPzx4LHrs3upKgV3QLTEp2BeikLj8, 654.538 ,,,
852,AGEf6MgnqRwcW7rXCr1x65rJnobdNjt5Pn, 643.000 ,,,
853,DXaGYCiw747S2K37ktXtPdoTuEFsN1AJbb, 635.000 ,,,
854,Q7cYuwAAxHQcZetcUDKkmE1vRR5xdkmyD4, 631.368 ,,,
855,2HTWx9TmqpQ2TM1EzmBGNDxxGGpwQJ5u4aU, 602.000 ,,,
856,wRkx58QGhR2RskfQvdWUKGnjsjvTEd6L3v, 601.398 ,,,
857,NkCPLToiTazoipDxnThCb1ZgNRg8Cd6Wbc, 601.000 ,,,
858,2fJNjKWPTH3NTamLL99sj4CFriAt2WnYvfo, 601.000 ,,,
859,KAVUbknNhqJg8MCNTBaKnyUn7uHciXT7Q2, 600.387 ,,,
860,heXAnt82p45184xoLo29M1ZuziW3RwPLjq, 600.000 ,,,
861,2A9fz4WFMjjMWGEvAoRXUUSY4DNppM8pCPJ, 600.000 ,,,
862,2m3HN4XZY77PYcYefQDfg4HzX5cRDp1ewPP, 600.000 ,,,
863,kQgXEhxbFMGf8YJsxxoy3DJGoLPfWbJdqS, 596.000 ,,,
864,2JfDtAhGcidjUtX8U243Q3QQUPP6ZhkmE36, 586.989 ,,,
865,2HkAt5XBdxauVSViyV14Z1MvssrpFPcpFTx, 579.519 ,,,
866,4zFKMFP8Q66KegFz8pjuMXhMxwJAf73XDk, 576.792 ,,,
867,uXKsoycWGAF7zDwauKnqtrYyHTTW1R7Z42, 570.232 ,,,
868,L8QCxiQv9WE8A2nZmprqkhvQcdeWCgWQwT, 565.000 ,,,
869,tSwJVaBzGG1MG3jMtRik6kyumLUbSTV18N, 555.000 ,,,
870,2KgpnL4E8JiPjoUsJ4jKE299Y4at8kZNY7r, 550.000 ,,,
871,Xfd7zfayy8zsiBVygVk4uTuwBmmxz12qzZ, 542.835 ,,,
872,2k8t9kAW8jZtmxF7DcAjqwPHcdGHFcBACHs, 535.000 ,,,
873,28tqrqybPWxNAoWnTeXiUP1uvDT4Eo7Bqtj, 531.391 ,,,
874,G4esnRqyrXF9CGNTAGAG4gBfpfPqLPRq1v, 531.000 ,,,
875,2YKnEzWqDKCciw7JGZtMNnoZHBw7P7MGVg8, 526.000 ,,,
876,PWyFRiZmYNVrov7FPjpj6JQgm9pkFN6eEE, 524.000 ,,,
877,2bBAXfTghNVz4CUZ1Zr4VbnpsEQBXETKLBk, 509.450 ,,,
878,M8jkzdStpszK8dBYKdNxDGWQbJQqVbve1z, 508.000 ,,,
879,NzbHkt3XT93SXyoMkv7asfiF8pfpFgggbT, 508.000 ,,,
880,Ter2rXvSYVMzAG5eBeGBDQu7k9HFHQUwnT, 506.000 ,,,
881,227ejc7tGNHKJzZHodPU8oSSxJMpbnzK8c4, 506.000 ,,,
882,241LCaih11zkmisN8MS9NdDbXt3uPHDo38r, 506.000 ,,,
883,8USihJViDcypE7ikZGk2fYWHbgXKkYtDJH, 501.000 ,,,
884,9uwzYnzbxNWYPXa8XtU2fSsqhsaNvLNnUA, 500.000 ,,,
885,8hdyaZQvVnGyjKvS9zyxYAx7sRNBSRdUA7, 500.000 ,,,
886,2NormrAZCYYEwBUcgsZuwctfogMEDNfL2n4, 500.000 ,,,
887,9MZkYgqBe4kk6uPKuYo4pZ8yK7AaqFnByc, 500.000 ,,,
888,f28Q6EPxutk6HVC6mojyH18xLroD8armvW, 500.000 ,,,
889,hqw6fE7QwfTD2zp7xHAgyvfyLihf366J8w, 500.000 ,,,
890,khUnLSPBBJ71LeyJfHyFtoRJ6ZjR5R8tzS, 500.000 ,,,
891,3yLwVxfr4WEgMbaRWPawwZBpH4HgtCsL37, 500.000 ,,,
892,2cr5SpH27SqvY1reG2b7TJBr3imFmXoAUkr, 500.000 ,,,
893,VyrT7yvTuRxrXaHvD25Zc2pk6HP754cCRo, 500.000 ,,,
894,9EUursnyFc4fyivz5SkGfKTFTdnKY7Kaeo, 500.000 ,,,
895,tNAXYYHhT6GXxXwbeQuwmFptM2f6BZjrv5, 500.000 ,,,
896,2PXbJDNCKbg5VJZ6Y8HCgSPRNx9Yhr6awsE, 500.000 ,,,
897,2E5XnY2rEZHhAfuVzEh5LNuJ7oXsMfk9MtM, 500.000 ,,,
898,g7UMAWT7g6YuZCBsYbDxPYaU97DwM4pCS9, 500.000 ,,,
899,c1UCD6H84o5q3s7fwMv6B1S5cJDUvGnq2y, 500.000 ,,,
900,2dRc4ReZPenAwRRcYYHbFRj23Pg7Q9orQUZ, 500.000 ,,,
901,2Z4hBPF59tNikFf2t3VBdMb7xwhc3aR6mgE, 500.000 ,,,
902,s7CgbR54d341Fu6WcauEUyW4UqaYJgLpEh, 500.000 ,,,
903,2caj2cEoCcksfXwVPXaN9MX3wBeyed67Knx, 500.000 ,,,
904,awwjyMgz4snwgx66NhaCtE86dyGoaJJGEP, 500.000 ,,,
905,2NBbKUfXzqC3U6kRa62LCWJek8PeG2zWh1z, 500.000 ,,,
906,dWXt2pgWFZ2j1UfuVKQVYX287Z2UmbVgAr, 500.000 ,,,
907,2ZeXwBAMcy7ESuS9vpDMd4N9EX3FpHJ4WLE, 500.000 ,,,
908,2kM7J6QDtCeQjtWWs3q6KkDGQccQU9q3wcc, 500.000 ,,,
909,U4Xr7yFbxaWyUwzqLJf18FwXkiEK3YiqYM, 500.000 ,,,
910,3XJGYg1QjKWERnNjuNa4LiQpnxEhFpTmtp, 500.000 ,,,
911,2DRgzBAQ9kVC7X5YR6LZr3qQ9SoZojxdRdj, 500.000 ,,,
912,2Eb7wQmfs4DAiV243ETNKxXk6zSFeT2Bn19, 500.000 ,,,
913,SmwUJQEA5Se1n5s51KsRRgxfRHvo5sN5Dg, 500.000 ,,,
914,2JQHTziavMb9YbYGv14peJ25Q4c9yoacKKo, 500.000 ,,,
915,2LHAFzNwKJBhPg3Psv3gewA16FN2fzKqTv7, 500.000 ,,,
916,2bESdwgSLHrT8n1xwhb6tVQyevwVtVbR4oc, 500.000 ,,,
917,RxWHhxWMTPBc4zLYbxtCjxbn5Av6YaieUT, 500.000 ,,,
918,2BYoq3EwCAEYSpmi5552N8KDSYFvb4y7Uf4, 500.000 ,,,
919,5qusLo4oc2vtxX9V76451R4YsRRhZT99BX, 500.000 ,,,
920,bQSeeFJx5PBf7m2LAorbZSNLVu7p8MVLaw, 500.000 ,,,
921,RsKRstrpCvFRME8hKCucruaPeoFGZs3zMJ, 500.000 ,,,
922,2DTZAxLtjGWsrTHEwtytP9o17tNLAR4VEBs, 500.000 ,,,
923,2QBMEN1gdJZ2ynhgXKpbMn8YxNKoqKuFwgg, 500.000 ,,,
924,R9PBFfEdURKbdcxKw7m5sTHJkav1DRD18x, 500.000 ,,,
925,2HK6Ze6NvmRfkbZKb4JEVXEt6FqRNMpEpKD, 500.000 ,,,
926,VhRdwbEAdvp7Do7PUSetKahUDEkRUB1MBs, 500.000 ,,,
927,2RQsAxgMWn3uYidePVCmGJbPJvftf5idZy3, 500.000 ,,,
928,26HCuXvnNfcmshkS9AwstyiF59mPkb9HhkY, 500.000 ,,,
929,RiwL2jHkAB52w7YjCPwMN3GKwP663R5vQj, 500.000 ,,,
930,2EzJTf7m96iMETuc5mEiVhnJmFCUnQSr1wQ, 500.000 ,,,
931,2b8JTBQxJdU2SyP4LG5tTnYnjUrkar7d8pa, 500.000 ,,,
932,d9PbeRNYpNzJHGjTPVKNWW6RC7AZ3RGWDL, 500.000 ,,,
933,jZHctrvjwf5kazjWkWSEr4Ebr4oVhST87s, 500.000 ,,,
934,2T9SW4MvfPYYNLEF6816bGjzRSXHd1BJdqw, 500.000 ,,,
935,2BN3gZr8P4TKbjTjASUKFGmEHdU6w3getdB, 500.000 ,,,
936,2GrVq4gY18AYCGdT7FvBTiwAJFqBHPJHeoU, 500.000 ,,,
937,2AWnBYrsvsn9s7jEDkYpwErFte2hUUJPzW8, 500.000 ,,,
938,2ZmHanrfWnPktXwyksXaBRMPeBQ2rhtyR81, 500.000 ,,,
939,hD1TM4mY6kj5jf4ba9dMJ6VXwpsLm3abUb, 500.000 ,,,
940,2cy6yAQSyryLXLGZw8QJoVfr7ULAftxS2dj, 500.000 ,,,
941,Hx91dQN5V4jhsLfDNKf9phUQva9cWgX4ay, 500.000 ,,,
942,2NoewH7fWqqLVZJ2ijVAw1otRyUipuruKoX, 500.000 ,,,
943,uhiPSnj1f8bq22NbK361kGmvTf9r7VtS8b, 500.000 ,,,
944,R5AAoo8HPJjtgYLLK5QUtzGRiBzBDor4VK, 500.000 ,,,
945,2CTtvNgZMNGGyhBmzrUT7bJcuy1WA1VngsJ, 500.000 ,,,
946,28jRuPmmvHJSuob1qajvF2UXJa6Mhf4qQxx, 500.000 ,,,
947,24sQ3U3aa219HoDiiPXHo3b8amsTzpuPuFG, 500.000 ,,,
948,23qB4xg4UBVyMe6CLB3dK6AwN9RsYprAiMU, 500.000 ,,,
949,N2cQ5oKR8fgcZvPf39qzJ9gR6hj2W8uUz3, 500.000 ,,,
950,ZdcSS8kogticMiGUTnHNjzauEDPyEgWd8H, 500.000 ,,,
951,RNH9XiP68rWEFa2bKsmo1nmZFwXysJTvG3, 500.000 ,,,
952,1GJPMoymQfeeD7XGcazHphKbXb8uJ6yrgj, 500.000 ,,,
953,BKUvCXHvdDM6vAU57gHV7aZ44F89sZ53r5, 500.000 ,,,
954,Wt8PGa1gG4ohvXrLR898zij2KKQJxKJvk6, 499.000 ,,,
955,26WcJnwq8L8YgRZCzwXN62m3i1tL5AZZH1H, 499.000 ,,,
956,VTogBnoxwknQqcMWTyGyBW73guVBEnp6qR, 497.000 ,,,
957,5weUJHUEWEQM5ezvwMfjezUWfqZqdCBAEL, 491.000 ,,,
958,2Pctmsu2nj4MBsHRMqvVrBpDqQthivUKSED, 486.812 ,,,
959,2a1htBUfDAPsd4MGnhKeQdePFquFqG9uTrt, 483.000 ,,,
960,Gwi7GiBubDEixUCbeYH4SKdWKXQ2Ma3PR3, 474.524 ,,,
961,GZADnTrTepnP64FgJJo82EAYM91cqqMg3Q, 470.000 ,,,
962,eH9G1v4dqcwvbEvYuoyiCsa8abWr99rBCN, 470.000 ,,,
963,KGxbUkQsnZjxEcZszug3czqbJunqEcGfWr, 458.000 ,,,
964,2Uog6unjZaZTV21B2BEzeXbGdUbCdr4S7ae, 458.000 ,,,
965,Cs5bp95EnfGVWVaiZDhMJyCR1jFqmRMoBT, 454.045 ,,,
966,Rx7BR2A5GWZ5YUvRJEetenQPqCoZeA39BE, 450.000 ,,,
967,WJYqbaJnHDkdjMJttEDL7g8cxi2guvXn1f, 450.000 ,,,
968,EVp6NgRR8B2KprD1wDfYFLFEhsGF6n9GRh, 448.000 ,,,
969,T94JKv6vCdzQSgUnU1yKD2zXX5EL97qwoY, 435.440 ,,,
970,2BE2nwHGR6LR8961iCB8h9MHDNE6dbADfVc, 429.801 ,,,
971,2M15o9wK3ibPmpSYzpdDuoQ1WoRkDPj87T8, 425.474 ,,,
972,xq1cHet5zutg5EvaUvEdFr7W41B5C9RQkq, 420.000 ,,,
973,SQAQPh4zShPfxuwTFokDxDcukTkVAP5F1x, 417.000 ,,,
974,2hYhd31mzdpNyptqRCKmTNn5wiLKsoRqgTn, 413.000 ,,,
975,2gu6cSafRyg2YwKTcwfFdQ4MpduAnPUMNEu, 413.000 ,,,
976,23PSefzQwNuwm6BVAvyXQrVjiiB6web4hPq, 405.000 ,,,
977,2Fiircdm12NXm2drnf6cee6TAFJXHMD4NrD, 402.416 ,,,
978,2AhZE86y1EPdqjtPRHB3CwEp8z5pnPjWs32, 400.000 ,,,
979,wWvwj68r96YTNPHVWrWqMPzGbUCoKdZXod, 400.000 ,,,
980,24hCw5L6QXsz1iHyi5tt46bZPjTwiFSqmH2, 400.000 ,,,
981,XJzNyyDpS9a8Lr8QsuTyPCGAskPQJkt6Pe, 399.300 ,,,
982,nnbYMbvHWb6sPr99FaSAexs1yHmto4RwbS, 397.000 ,,,
983,2dnSznc1rT8Vz2MwR7GTgnLT2q2xipuLdCf, 397.000 ,,,
984,4jnaXtyb2gRWnSi4YLz6ZzV7gZ3eEkn61Q, 391.000 ,,,
985,2P3e3VYBkVaRUyarDxnAZUQ6Y23hocmwoHw, 386.000 ,,,
986,2fUXojDmgMttrCVpzqrzZd548nE6WcxSoyu, 380.000 ,,,
987,ojjSwpPX7hFcXxb9Qii1r9UMkQ9aWstVbw, 375.032 ,,,
988,2dAkAiDAuHW1mALU8b26NcnFLiyVsUyaeQn, 370.815 ,,,
989,eeJDUt4oF2DLaj5pDe7YUhexcHmNrASknJ, 368.000 ,,,
990,2maM4AsPmQooFibZcGg7aXZ9w6oiGdFidWG, 364.000 ,,,
991,2RvShZUkbhDYAwUhXvc1qH7izrJL44Jk6Y, 361.000 ,,,
992,2RmctmMHQR82rM46pKLqXYaGRiHDD3Bq7bF, 360.000 ,,,
993,278v5tb9ngBmhQ36hFUYCH7LEtXZUfPBoBQ, 350.000 ,,,
994,tAqEpN7hMkKsi94YwiYz6Sx6azaZnzXcdY, 347.651 ,,,
995,2exDpd3yQFo49UtJ3UPedYygF3d9irx94Ah, 343.000 ,,,
996,2WAdfbsqhX84zgCihfPaafzJNhWUkuo3UTZ, 343.000 ,,,
997,QAzn8tTpTsddyiLQ2dv4iDbsp17bjiu7ya, 342.000 ,,,
998,W2PAE6mpdeS99Rn3B2nGtrtJriR2LMeUxC, 340.000 ,,,
999,kERYaXEzfMwXnYfQS5WyJ88sPUp8LhHia4, 340.000 ,,,
1000,skm1acr4QQw4HjzHkegVoywqrkS9gkYQ3W, 330.444 ,,,
1001,xeiaJbnx3anRFvnNHS3hWxruwNspvGPQzj, 330.000 ,,,
1002,jEgSTRkeYJsEoyQViCBap4k3Ez8TSHyzhJ, 330.000 ,,,
1003,NBTumJRE7fgxadfz7DpPBaB1jJMSB3mDJC, 329.000 ,,,
1004,S4t6EXgfMP8sm8Jcx6JoJCLHmJJywQKmna, 321.000 ,,,
1005,2mNYu1v8tx4wriKdL2rQB2jebEzxmg1d4wt, 320.488 ,,,
1006,2cGocR1xZZDXdR7bYUiCgPWp3RJYkoCHNn5, 318.680 ,,,
1007,2mRZU6gXbsxJJbDNzoH9CiYMzB2KLKUfueJ, 318.438 ,,,
1008,WA87Cb3XPFVF3Ubt4YN5QKkkDvP37E4nXL, 315.684 ,,,
1009,21khUiCLTjn8pgJ3rtiEkw7LRZkjz9i4nJt, 315.000 ,,,
1010,2W6RATAjp5vuHTJtesQsL5E9Ad5EzpittkJ, 314.685 ,,,
1011,pWu5Wzf915LuHkheryCmmYMJCDQQqzZES6, 314.685 ,,,
1012,XhHyy4R11iZFSTvfXtLnicWJc5qTiRma68, 312.000 ,,,
1013,2LX8W2tsDi74zU2yRZQXN5w9dxhaAjuJExi, 308.000 ,,,
1014,sCB6xsEXGMPyjmPuQycCNUuowdkAUHzhat, 304.694 ,,,
1015,QvPS6gCKgzAA6Sxhk8fJJHG2TCbboRaGr, 304.266 ,,,
1016,LxezSx6i21vctHu5RCawQSJSCkDguCHmkA, 302.734 ,,,
1017,2gCuPEcZGtWemyYRtAn3XC1farfJJHR55vN, 302.700 ,,,
1018,M2ErgpgAUQdLk3jErjhBHNQ6E8GX3gQS71, 301.697 ,,,
1019,mpahQmbfrTvTTFMgLxmSC3Zih9gWHj5Tqi, 300.699 ,,,
1020,8YrHpSZpRWYqqzA84NPB5aeK2XzCpvKPNj, 300.699 ,,,
1021,dfbhpJgiD88pE3BDW4hW7wayBXQjxA1W5k, 300.699 ,,,
1022,MzKAqbxJs7Vtq98gswxVdkJUd2FTwXtxkB, 300.699 ,,,
1023,rbh1UKDw7RQGk5VdoFgz3PaEyAtWmb18tV, 300.699 ,,,
1024,2KJuktYSUh49kFVaRNYbmgWFb6BhKgQZ1z4, 300.699 ,,,
1025,fBbNhrgG3CB8skRkvamCTjCtH4LHnQZQES, 300.699 ,,,
1026,2Ss1x3Bsqb9TevaP64sD5TVzk26svWBhazB, 300.699 ,,,
1027,Vbhvb5PLXdxw4Lkqi6s5QE8jFnQ4qqGoy, 300.699 ,,,
1028,2WBTugisdXSLq33QQoButaHAJZG3JwwBDTt, 300.699 ,,,
1029,vMcbA5kptbfeHFFZ9Qgnjc2Sr2yXbmvJvm, 300.000 ,,,
1030,2WpGqQkTGJbtyVAwZBahzhdEyyPnCxwmTq5, 300.000 ,,,
1031,th5MG4sTwAkFkNAGYHhvXMp2hByM8Dcqqr, 300.000 ,,,
1032,hRMnJfE4gKFtsuh1EiuR5PKAchNHDhgkGZ, 300.000 ,,,
1033,pLLL8puoY6u6wnLYshNRqUTXmrcAeJc1td, 300.000 ,,,
1034,D2baWwsht5g39WRt4R3rfuMGCCASJzRV5d, 300.000 ,,,
1035,2H4LHucptUY6s2xcMhvtVpNARGWKKfx1Nwv, 298.000 ,,,
1036,f5fiLpqgYbWWjLw1iUm3q7EeHR6C8CUL3X, 298.000 ,,,
1037,RmoacEK6uFFYogjpaDQafRZXX8ZFRsK2kJ, 292.000 ,,,
1038,2Czv6rJqWTJ6crfk2tTsMEPAaSbGNSMDfQE, 291.000 ,,,
1039,2UuB3ry5WyaaxiELWGuEJbTCrEGW57SC6X8, 289.000 ,,,
1040,2XfdUbNcrqVkTwDR7zBHonam5xSBGp7WzKs, 287.000 ,,,
1041,wJAyANgFoUUEfiJRfF8WWZpJyyToGqyZtd, 286.000 ,,,
1042,2AWkRkAgbyUis5VCJkxhDsqC1B5JmWYafsX, 281.000 ,,,
1043,UF5wALPZtvzBJutBNdnnAatH6GLwC9yQTw, 280.000 ,,,
1044,2CqCJTuVhbePziEC4MCts3bwETiTBXV51H8, 278.000 ,,,
1045,2NVCdVL85XccWTcNUDtXZTz9MCpgj29TCdJ, 275.000 ,,,
1046,Yhw4fcTnaTTLYuZhwoomw8kUfjFmq95CCD, 274.000 ,,,
1047,LBvhTZ6MVKYok5hBQaJR9EBqVxETEbV6g5, 270.249 ,,,
1048,2V7geiYL9d415wCr1QqwYrNMFdyW7919im5, 267.000 ,,,
1049,a5CYvqfm1AnsD2vr3nUkMLrRct11DqT94a, 261.000 ,,,
1050,2hei4PrJ1gTr1NvKUqMfqpg3fH9z28cLUDd, 259.699 ,,,
1051,2Zj9hyeyPbHRHEJu8fZCLYwibnKnjLVVtoi, 255.000 ,,,
1052,2mXasYFH3DeC96aAVgWYxBuqauKnWykg51K, 250.000 ,,,
1053,22izKogciwxzt4vAQv4KugPripCuGKsuuK6, 244.000 ,,,
1054,ySPXoKfPz3o7KfEKWd6bRmjUQKrxeyUsUG, 235.400 ,,,
1055,Xcf1F5whVq8pE7BXM98aRoFYQ6GfcmYk4E, 230.000 ,,,
1056,2bRqbio1erjDLJbJFEiwYe5nzZrgV6oQH44, 228.000 ,,,
1057,231yNrgdm5MgEULvf27MM1enYKrmpNEca9C, 227.000 ,,,
1058,YvLvN9zMWJzzdiPkznvZsbqeJ6z2yhwTbi, 223.000 ,,,
1059,xhuqj7G7dBdJpXqvvFb9QA7SpQMqaSKE6d, 220.000 ,,,
1060,2XjnMa8JWWuu5zfSnUihaiCF1f9WoRuYQtQ, 217.000 ,,,
1061,2HcMfhMbjmAtLegcZahCNtfFaPa1GoRiekN, 216.000 ,,,
1062,Zsxcw67iRgforzGwf5CL2C7TwNBLH1LKWR, 215.000 ,,,
1063,2i1xRzFjsK4XXEbCbtBrzNJgT1dYsXaxodU, 213.549 ,,,
1064,sdiNN65HQ1FiXaW5LtEdhwsc2W1V5C4w1z, 212.699 ,,,
1065,C3GvenJ2xDsqA48kznSt3rVnwNkvKBH116, 210.000 ,,,
1066,24Ut5oNzGuUEoErkTT9Nt3icsWcGivAcJQ, 209.000 ,,,
1067,Ks69WJFgWxUZA3sZR4WYptRcubY6ffShvN, 208.358 ,,,
1068,ebU8nixkFY7KUs1rCAP8RvFTBSeBNmLgeN, 208.000 ,,,
1069,4g9YkDERKNYB9sXoBUqCoMNuP6gdViXovz, 207.000 ,,,
1070,kzwXZTmLRSghvEJ1LqtiJtXAm8qfBrfGyR, 207.000 ,,,
1071,2RrM26NFMBfbDo5xstbyKjeJ4XSS88aNCsp, 205.376 ,,,
1072,WZDDfd54ZtgLuSaVvGqKj6KpMXzuiZnsez, 202.000 ,,,
1073,2gDopjSmF8QcmNBTv2MxJzyy8n7HU8GMuFi, 201.000 ,,,
1074,24rGYMdxBNU57DREfD1DVpUFRhnrKXAs9fc, 201.000 ,,,
1075,2DsBbp5JC716wnWu9YXYfr7rvAygUgv6Vww, 200.000 ,,,
1076,9KbgzQ641ENysrd72iH6YCthZZGk79GweJ, 200.000 ,,,
1077,eJnCegJpBDgwjprkBj3FAz3Z953s8aFj1x, 200.000 ,,,
1078,vwEQnYoa2DpPvG542AqmX1Qu8c3yar2nVk, 200.000 ,,,
1079,2fFwwPeq5HtPhU1xEMmU3mayTtimhJarUH9, 200.000 ,,,
1080,ZyCRprFDNbXKHUbSmcvUR8AvCddGjJRwxz, 200.000 ,,,
1081,4a8wC2WfQCaAhPT7dzPR79z1cnw8RPBemu, 200.000 ,,,
1082,CCwAKqceJB7poCyP5VZtRKYP7UDxwi8adQ, 200.000 ,,,
1083,2TjNHQp1VxQLtHhgJqbVtp3GPWt4hmKMrLz, 200.000 ,,,
1084,rpqpDz3pt6eDCZ2Yc5dT6JgL4ibQAXCpL2, 200.000 ,,,
1085,skq4VLqJh6v8UyyLJBo5bBiRJ9gJxtsGTM, 200.000 ,,,
1086,y6Dwg7o7PUs5p5TPAYERf7aDr1Eydphfx5, 200.000 ,,,
1087,2eAwgqKzGm8sjHmXMoLu19RjJNcVWxZsRNY, 200.000 ,,,
1088,JwjP7awdnumPkzCnH1L44hRUSKaQi7KmuU, 200.000 ,,,
1089,2Aan2sVsix1sfkhipuEz75Aw97Bjuhg4tZu, 199.969 ,,,
1090,vcKRNUT5JEeJ4cc4xrusofSkq7LD57JpxG, 199.000 ,,,
1091,gKkcfRFSgEqpzF4urwWaeUfETZZmqb4mjU, 199.000 ,,,
1092,2JmF5bv64fDb5Nwy1i1kR3iPYSaWRmsfqY3, 194.400 ,,,
1093,DofgHNumdQwQsjmAfP2penst5YwR1kfhBa, 193.056 ,,,
1094,2VpK1pyzr867a8Q8bRsywTXmkAiMjdysWC1, 193.000 ,,,
1095,2Hy41AQGKYfpP3BRGUNWvNTTVuUbUt8vYzs, 190.760 ,,,
1096,FHSNXvfFgWv7LRRKXRq12X8gZgZEQfgsmm, 190.000 ,,,
1097,2ZNJ4SA7hMxzeydEigYXWzs5ami1ps1PYHf, 190.000 ,,,
1098,7u6e3sUxUrdPTDiwTY5ZBhUKEUcSu3iLzr, 188.000 ,,,
1099,hQqhykHkmT2rqixt2sTfcm3ghJC8BZfY8M, 188.000 ,,,
1100,kNHFxnFoJW69S2RoEzqe4jJvWuB9y9tBkN, 187.799 ,,,
1101,25Nh2576kebPaH2Xtp7HGxure7Dst8hwowE, 187.000 ,,,
1102,7CaMrHGckwG4asXRJRydrnv5JfLLtMdrp2, 187.000 ,,,
1103,Kx2RkDF5WzXrAwHN64rGzU4WtpgFVdEfSQ, 185.000 ,,,
1104,2TnwX7EFvG4qqm3QAy1xtdxfQq3EoUbfpCR, 184.000 ,,,
1105,DW2rmFScJSSPQTGhYvTfbVbu5d4sAZiMaL, 181.000 ,,,
1106,HX3FEf84uorFVuofX9UqL2PqSPGGg4biz6, 171.500 ,,,
1107,JxWdJKxdNytCGsoWzoS76D6GxRqEs9URtx, 171.000 ,,,
1108,2YfufQEFTDz9pnLHfzTaT8X4U9QgwE9s6Lm, 171.000 ,,,
1109,u8S6cKYGz9kTX1e2AEEjztASX6FaPQYKa6, 170.000 ,,,
1110,27SAT13zDt8WWkP28CYsHnCDnDYDMFtDFdb, 170.000 ,,,
1111,2NETGDcHmpoTMUbHgbodvJentvviuYmonLD, 169.000 ,,,
1112,2UVz4XAjkWnwHFEb1Pg28vx24RMExqXCdBQ, 166.000 ,,,
1113,2PDo6XPzZJ4vo2Gf7kkS6GzmDUUBew1rK3K, 166.000 ,,,
1114,Ljb5GUZJ2jhqpoBd3iaPDK9knVyEB5yyZT, 165.000 ,,,
1115,2KZv1rQs2qssiRNPC3J8iUXTHnkSyDJHgvG, 162.000 ,,,
1116,LtcgbnPN29B8eHf4pYFUBkyyfiahxJXiXm, 162.000 ,,,
1117,ewx2bSiw86A7HJaGPcUz4qUWqev4BF67bV, 161.000 ,,,
1118,anrfhJ816nreeYxD3et5jmfB2vJTh8xCj, 159.000 ,,,
1119,2kFUCGyJFZ2wA7BTzeprKLgGYKLkUtV9z9w, 158.110 ,,,
1120,29qHPjsF89yVZRqjGvc9LeCWtw2RgzNGx57, 157.686 ,,,
1121,2VYb6QFUP4ijmqtxj4deyVeTgwTaWZPkieK, 156.000 ,,,
1122,uYGfCQadtWxgPEFj9okpAxsnGmcnmg5ZUj, 156.000 ,,,
1123,2T8U7DSWpkBakc42Ls43MQLcyy2ixxx9hLh, 153.000 ,,,
1124,g5hm1KeXFJKsnpm4qfSzHvDchgPJVqxKJ7, 152.000 ,,,
1125,nSpNEAdC4Eu8CAM3FA9cjzwFDKivR5Lxch, 152.000 ,,,
1126,2cb92ggjnjTnUwoDvxm6AWFwgfwboyuHv1P, 151.699 ,,,
1127,Lfo4DD4JF5jKJYjkcwd73BZohSyqv11PJo, 151.000 ,,,
1128,kRbr2fmtUTvSqwd8QBPAAYVARHAEmPoQws, 150.000 ,,,
1129,7XzHgKcGG2xPYjBoMTsTzreWBuCwfeuFey, 150.000 ,,,
1130,qkeinNTkkiQ3AnP9XCMfQM7yJ2ciLx68q1, 148.369 ,,,
1131,2b6JVVHeQh5DgiSj41E2ybEP8o6pJWJtg1Z, 144.000 ,,,
1132,22FX3T9XBtt5wWtCAFtD5Ufv8mTdTuSFfLh, 143.000 ,,,
1133,2RMc9W8VUxHksQQD9mtjkpSMYbTazJXsnsM, 141.000 ,,,
1134,M8FUQ7tmZS263mDteCqf66TtHjEKbUJSTm, 140.000 ,,,
1135,bNGrmZWa7TaZ446Q5A2NfVdMvefDpknAH8, 137.000 ,,,
1136,KZbW1gZfLnbs1NguBa1sKcSvu7r2ZLrNVc, 137.000 ,,,
1137,ghcXNFoknojMbLj5Edb5Yz894uuTGYkZjZ, 135.000 ,,,
1138,SJCDjvsKKETTw91opNMRpstwVf7U66TYuN, 134.699 ,,,
1139,MAVfrz99bbfypvdidiiHpJ4GFEb6EpaVCD, 134.000 ,,,
1140,s4oS6jsfmqncXQZCDY8PxVcZVgqeUVg9aF, 133.333 ,,,
1141,2ZGrpic8kHnmF4hX8uxkzbhPedHXUzQsVo7, 133.000 ,,,
1142,2Y6PfvMkpcAmicGzf1jayWxZgpgrzaWBZmM, 131.000 ,,,
1143,22a2p3A2tMgARut9J6n8BF7uSbCmwt5bSym, 130.000 ,,,
1144,pu3kJuPxodFZmK2dBgcAzy1ngSb3sJED4E, 130.000 ,,,
1145,2Rv26TE1vV5n6W9kq14DiN5CV2nfztyNcZU, 130.000 ,,,
1146,ZDkewvWjYVQSrtz7xBSb5KKoBwrCDujeWd, 130.000 ,,,
1147,VyfxgdimgzwVcHCco6ma5RAHonxUoWPvFv, 128.717 ,,,
1148,SBozerLqcsfL4BYHBifGYeXrN5jUv1jFQU, 127.090 ,,,
1149,hqwfN6PckHEnDc215ZsRQVx4cmDqGeHc3z, 127.000 ,,,
1150,rXxfNxidGzVCKSGmw2ckaT7Tx8SBWZi7Ei, 126.968 ,,,
1151,cxKsfvhxinJZ1YqtMcCUFkHs1sPLqhVUwd, 126.000 ,,,
1152,gL6j4StBtwYkgeaR5A16JJPM6Apb7K7Xxv, 125.000 ,,,
1153,pL3AztqtMVR9H8cuxiPsGT4KSEHLSjqLER, 125.000 ,,,
1154,yyKN1K88FgpjUfkJSzuFVQrYTYMMTNHAhJ, 125.000 ,,,
1155,27rwnEQm7cRAbnTWxpWAFEs89hpLUT8VwTi, 124.000 ,,,
1156,2KgFp55v7S8kTJXVJ2oTX8cNSUkN4uJpp5a, 123.000 ,,,
1157,ws7vMJsc8ofCkfW5Tc1XFPADPCRyTkJioc, 122.000 ,,,
1158,2CFZQuB2qv1YnJzaDECv2BmdMZULwL8voXQ, 122.000 ,,,
1159,3pP7h2nm9sKnVvLH4G58Y5kEqHMBFFGZWE, 122.000 ,,,
1160,JwK8U4ksc64WrziGCR2AUJG4H35nAUZBZx, 120.000 ,,,
1161,2XmokEUPEAiFYVngqtUyx2WD3eGqehhZpfX, 120.000 ,,,
1162,sPjVSY18gSL63f329CySRMVq8oFJjZTL3b, 119.000 ,,,
1163,27NKryTEmyNrwHFMHj83WAM1G9ML7UUbH84, 119.000 ,,,
1164,2E5NPg6HGgwKwwcwMLraCyhasDASUfFscBc, 117.000 ,,,
1165,XuyBzpsBEngVCDzN4MR4jYBST2uh5RCED7, 116.000 ,,,
1166,ToiwHenZuLhR6wRTkcLxkfcUMggNy7h4Ek, 115.000 ,,,
1167,pC57hGAqdQ8htk16LcyPQ33HejSTXXD73Y, 114.000 ,,,
1168,jxvkqSW6L1ASB9DXHNbSkmj1MYmSwgbWwk, 114.000 ,,,
1169,ZoKM8E3AWAywfWjoMRbWspw8d1tHW12DNY, 114.000 ,,,
1170,4QdKrDe6ezY3yaCjT1dmyUJCV3JrYDtLmN, 113.000 ,,,
1171,25Q9vL5URmrYSMWnZdo562DRr5ioHrMSwSQ, 112.399 ,,,
1172,Dn3N584PVPLer9e9BhGJpm5AR2K9Zt1baM, 112.000 ,,,
1173,stTJWZs4W38Y4qE6uyoLk8VA9sJ7TbUqHM, 111.000 ,,,
1174,2jPosYeJEJVv1ahASGziEZMEca26cPFPBpv, 110.000 ,,,
1175,nuZag9iyqoq1haVoZGKtELe3xQ14KoMquc, 110.000 ,,,
1176,CYZSK8yV4Epr7Qi81gZyXmpeh1sh5qXCC6, 108.000 ,,,
1177,2ZFwcsknbmU9dVS7LATPN4BkP37DwPbY3z, 108.000 ,,,
1178,2ZeYjDJTaVS6zznJBfyPqvZTjurtdhLis9D, 107.000 ,,,
1179,dHyTuP1TcZ3hoa5J8Sn5QXGVZwbFNAa8CP, 105.000 ,,,
1180,mks2voNHZMeizAcF8qJ9JQhhedsRQYSKtU, 104.000 ,,,
1181,ZNfr1HGZJ48sMAcM1x9Pe39LtpHqcmEtyr, 103.000 ,,,
1182,2eJckLMsF6Wvq5CX4yoT1wCtuFEx9m5nkSE, 103.000 ,,,
1183,io6WnwHfFwjbJ8rk41zU5jwTuVoHSeAGsi, 103.000 ,,,
1184,28JJnJBW4niYu7688Cd8FS66qM2c6GTvVx5, 103.000 ,,,
1185,2gnDfVDoS8TR5cJejxgVSznuDGR9uKbY4vj, 102.000 ,,,
1186,NNoaTnzjnj9VNXNJKJxLbuyQekSJL7qqHS, 102.000 ,,,
1187,wcUXa2Dick3TQ1ViP2hCze3W6jhfD75pGX, 101.000 ,,,
1188,2f1su1j27pCNZTbkwzupGX5yF5uHGZmJkcK, 100.099 ,,,
1189,2MKGUeJaz95CZuuLi33Kf4bBdmFUS6SZ1Ye, 100.000 ,,,
1190,2VS6fNSNVX5oxoPyoU8daPaRdTPjV7d4J26, 100.000 ,,,
1191,jTUbGE4s63dKd7hVmkHebVEjM3VZMAfzVk, 100.000 ,,,
1192,Sr4vjisyBrgWKTGV1oGUBpwk2Tn34RNgfE, 100.000 ,,,
1193,RB24TEBF4DMqRHZpUeSRWxAEiDz1TsLoYG, 100.000 ,,,
1194,2j2FYhHS8Qox22mxrCBiNzPG8715XQyoYDL, 100.000 ,,,
1195,29foS9LxHvExjmeFiaYLQ3GatBmhDCAaYT8, 100.000 ,,,
1196,2FfrTLzg3FGagfme5APRk8CqLpwnnPqr6K2, 100.000 ,,,
1197,WELbCCABEq5vnB4n1KuKU8Lc9CrBDLN2HT, 100.000 ,,,
1198,8VXYBhuPgXz24Yh9PvVF63ax7PQ6gZRfhU, 100.000 ,,,
1199,2ecbw78fjtzMmeppTUFTx4sgcfC6xdE27W2, 100.000 ,,,
1200,27EYChcDKYZTjMWnthTcX3EkVpt61Tpx3Lt, 100.000 ,,,
1201,49vyo5scpmejBYfe1RpxAJwSQHZ9FL4LXP, 100.000 ,,,
1202,2iqzhwVoe3NY21mDqNpyzc2w8keMDqJr2yP, 100.000 ,,,
1203,2A6BqGMBCPXVFSijJQt3sn4RgCLjjaEr2ki, 100.000 ,,,
1204,uFGSSaJT3UnsCutrhAZNeMjgkNF8pU7VK6, 100.000 ,,,
1205,2dQE4DbhXJ7p9E9cAVgGct7wRVaNMAQn3Ab, 100.000 ,,,
1206,2EWsWb57NvjHYWFtafj9icHaJaWXasYGfBv, 100.000 ,,,
1207,vp19jS8denMyTZbcbJ24JFaoCFtXZD7ebn, 100.000 ,,,
1208,2GZ6cN1pFJpcsy3imWnUpJqgu2QUkg58hQA, 100.000 ,,,
1209,DsbzCU3k1EVevTWS3bJUQS9h9ekgdwoLVw, 100.000 ,,,
1210,6LcbjUCsw4RuNefwJhaVdZrkH5a3dCrafD, 100.000 ,,,
1211,BXHW9vzoZf8VHwRE3oBAknhuhAiHRqHD8m, 100.000 ,,,
1212,fMZmpP4Hby5QzLjGbsRHkgsCQMsx2nW36b, 100.000 ,,,
1213,dMoRgMMb3xScDwpbaULVAvbQLQEDs1St1B, 99.000 ,,,
1214,2Sa9VV82oRsQFXy8orouRjpHGrNh8Bkv9Ef, 99.000 ,,,
1215,2QcZrwcVZhi2ehEeSCNZ5uFSkm4KMBWZd8m, 99.000 ,,,
1216,EdHpiBhAU7ZJ6iZMMuyGYtNdKqZnPMXEsV, 98.000 ,,,
1217,nwFGAHSk3b9riM5mZU9ytMEtwXPt1P2QUE, 98.000 ,,,
1218,2SAUFuxt4HG3wjtB2H5vbQu1JDLmYZNv2BS, 97.000 ,,,
1219,2HsRw6a8XQAmiwKroumsBtZRxWLu9dkBzdk, 94.000 ,,,
1220,ouLGMnGNbfyfCPPY7yzq9invXYwVCVQHSb, 93.000 ,,,
1221,2PVHGr5dxSeX5SkuQfHs3xSAhNJPD3UxSCZ, 92.000 ,,,
1222,swgFgbdxGRWWpkjYT5gKkXFpirUEuivjk9, 91.000 ,,,
1223,22iZ4LA6P8YHCZN4yjL3HpxGDdsF5St5uGd, 90.000 ,,,
1224,XXymQaoH972JhnMTc7ZwXMofff8ZrKyKUZ, 90.000 ,,,
1225,MDpjZ1ThQkHKSTKsLtwTHoVaGP9mRXK3aS, 90.000 ,,,
1226,K1gMPpkwi12C4Z9t9HWQHcmM2douFtHs5s, 90.000 ,,,
1227,2JApEZ4NVmpcCFvXfCCqkc98RVgzyMsEU9S, 90.000 ,,,
1228,2X5RTJv5xJuvWNCyVfgoB2ZksS85Gc7VMh2, 89.998 ,,,
1229,2Me8RdCPu4XRFdpsZPdRprCuMCvoYcTHbcq, 88.000 ,,,
1230,21HfNdApZoLJHd57qYGjE3bPRKULBeF7u7e, 87.000 ,,,
1231,ZtkMPVRaSkZR4ohRGkAgL1drrhxojMnLW3, 86.920 ,,,
1232,2AFeehomMRxbhSwy14dp1LzQ31G6XBckCSi, 85.000 ,,,
1233,KJAoAPwF2329e1MCXALhztyVpGXc82VDug, 84.399 ,,,
1234,3LGBz9bPA6CezThgiV9FhbhHK6ysCCATsB, 84.000 ,,,
1235,2597jTNPSZ7aYpa2yfQZzHNYCvVxMGnNAHb, 83.000 ,,,
1236,2mgJs1Z55sXTwc1ANA3XQdHCFUZw8TVGH2B, 83.000 ,,,
1237,2BFxLPEv475ujkzNGnePL2TXLT6d8956p5R, 82.000 ,,,
1238,Hr5eMRXWU4nEdiTzcfTFCc2wvvUs1WtVVB, 82.000 ,,,
1239,VXFAmBpBhsaS2JaBRH4qJpNUnHnHMjqA1w, 81.745 ,,,
1240,2DzgN92QtaNYwSbhdfp2UcF1HCXahPPCVbU, 81.698 ,,,
1241,xVRUuf6RFK5FX65A3EBHEtkjVF3EzDyAQw, 81.000 ,,,
1242,tdUGGibW25GH1gmee3jbYrfGd2qHA5yVTp, 81.000 ,,,
1243,L7HsuBCoMZGp9wZmB5dC7BAdcy3S9nG2Tk, 80.000 ,,,
1244,Ygf9i4vvCxMGnyaPuJ2N4mnHR1vuvc2hb2, 79.000 ,,,
1245,hHVGPHW6tF9LLjVg4nzLJJfMCUHTRNd8tG, 78.700 ,,,
1246,2g3YPU6p3Cv2vyzzPc4F9TLfqAGDN1i11jB, 78.000 ,,,
1247,687w5gu1an6UCmrjP6xXRqabetrn5ZRAgG, 78.000 ,,,
1248,2dn1jARx2S5wLtwMfJHH9KHuax27TVgwc6d, 77.000 ,,,
1249,2TBcMiLaAUDZUZRbKKCx3gvvZyHAUECCzto, 77.000 ,,,
1250,2akm1mSEiceYVBfQBssuNwr9UXZy7duHXmE, 76.000 ,,,
1251,HhimddUdRpnN4fQzME9UEzjYwr7vLoBU6F, 76.000 ,,,
1252,FpQQfuw85LjWgESJK43BAk9VTvh1LvTaXm, 76.000 ,,,
1253,HPGt7oEyTwSZnmsfMDpML8hiui88tLXfPk, 76.000 ,,,
1254,gPYw4EFgHjLhMCQ2aBFXenQi59vvLB8RrR, 76.000 ,,,
1255,p2bQXCwzBG5rm1uJJEmZ7tZoLKLAQ4mDhW, 76.000 ,,,
1256,2JVz7g3ruKLQkRmGTRaSRSD6ggWbGgpsxbU, 76.000 ,,,
1257,GHeJQY7AHoJFtPN29mKzPTSBzoWP5Ac4uy, 76.000 ,,,
1258,L2GQ7Lc2JoRwEFpoXNrzo9C6UkSz3XMzDj, 75.000 ,,,
1259,h42M9F1akax3mTqstL8Wfua3tavcZ7a2n4, 74.898 ,,,
1260,6KHofxHw2UB3FDnBDRKDh5ebdER4swxJY6, 74.799 ,,,
1261,5PSvcjfF8XKWNPvZHKtYwyofdA8Gqrm2x6, 74.000 ,,,
1262,CvhE85MqYzyJ6Bs6UECzSiCGXDwyo21AEh, 74.000 ,,,
1263,25RFuuA4KV1qyNrD2HK5MEXFBthWSmNYWL4, 72.000 ,,,
1264,Ru9BjR1PCDweUZs5foxYj5T9jfPm6TX6ak, 71.000 ,,,
1265,28VCa7RR2iofZBMhCCBnauYuhvh64jnfBDS, 71.000 ,,,
1266,5kTCBirGv4gRkDh1H2pd8khKhT4MLGWFH1, 70.000 ,,,
1267,Y8P9fzSyFocAgxJBtC7t68FuWDSi6YytKW, 69.000 ,,,
1268,2Zq9E4BUw1FFLgGcJc6YVouRXsivWc6orfW, 68.642 ,,,
1269,LGcndJqKKAeFx3BU5tE4k8yMgYuFqmvKRr, 67.000 ,,,
1270,PrYsUeH3rpF5Q86fMgVhs5XCu6bEBcfFZ1, 67.000 ,,,
1271,2NmgjyGht8VsBc7RB3C324etL7FHjgUMynK, 66.000 ,,,
1272,2FwJ6FkYHV99bXdaRdSLvRY7V9iXBFN9qqC, 66.000 ,,,
1273,47H8bUgcHmbVGbXzwwJFKja4qFfbJNp2oi, 65.000 ,,,
1274,2gY3Sr9vmBBVdtvgARPPUi4BTCY969hzC5j, 64.276 ,,,
1275,2fGEyDWnPBhJLr43EAQy8MoaRJGWxCHiQPU, 64.000 ,,,
1276,2mya34uTRpskfuCN3MH8hdLtnBhqFuFRhjX, 64.000 ,,,
1277,HJJntX8iWmAiUKKFJEe6HrDK8EHd7LC5UH, 64.000 ,,,
1278,4RHddByymkc7ZK5TGktcnLE6RD8rrUAvzh, 63.000 ,,,
1279,oeKWYM9wUBTVAmCDyYkhcq7YKRehJd7gPc, 62.000 ,,,
1280,2gJM55w46KZMoY7qFCqRQphPPwxtc82PbuT, 62.000 ,,,
1281,jPRerrguNcCKzaibkZc7geabsQYJ5UcG1X, 61.000 ,,,
1282,GGVsZ2Lwrp1157fudD1cBHYYHp8UxB9ikx, 61.000 ,,,
1283,2bdKaEhkwsLr9zNebwzjsXfDJh1cPqPz3Cc, 60.000 ,,,
1284,2GZrFAbsmrYAhNtxh8xxnqwrBuckJjFoGLZ, 60.000 ,,,
1285,2G8naG4uQAnPhxSxxtkfbTgUwrnpYYTFpdF, 59.000 ,,,
1286,23u1HGiqYkGu9tg22eBQL316XzBSRggHVTc, 59.000 ,,,
1287,oFcnbGY9bWSBFMgozznj2TxGbAL7c7eZDE, 58.000 ,,,
1288,fECsqKX4ku1v9JcEPc9Kxtn7NatA5xCSfS, 58.000 ,,,
1289,2T445TwiAqqHyGQQq8uE7YB3d5HLJpK7eqw, 58.000 ,,,
1290,qV6yEoqCopo3rBPdAkfV18gZ7PQt7sSZKb, 58.000 ,,,
1291,PqDzUjfasNXzs7fG5NRr9wwW4m7rf4XEqs, 57.285 ,,,
1292,2BPhqzEUSNMS9VW6UtBDcJuZd645CM1PmtD, 57.000 ,,,
1293,ciq83PSfct4tTqxcdATcUx13epnJzNe5sv, 56.000 ,,,
1294,DPRzTBSpb2ryggXcC3Fi2pVRS1G7UYpKeT, 56.000 ,,,
1295,EKBiDz4ERikA9b3oUG29drnNjUzJkp7EmY, 56.000 ,,,
1296,PmqUYebWP1H3n4XWYgwQgkUkJTTdLTCASt, 56.000 ,,,
1297,yUXUb7ePiK5SZ5v8rbet3BswgFpe4iXizf, 56.000 ,,,
1298,Rb2YKmv4tABSh9AfjJ8zhMeYw1wTrHvFiH, 56.000 ,,,
1299,2TEtyLm1M1NdT6H9AZ6cGDEkamscpTy5Fme, 56.000 ,,,
1300,gMNDTrkEjTHSGkqUUKPQUZBHqNebQESkys, 55.556 ,,,
1301,2KZJ24NjcFHSrEypd8jRMSsE242Xx5MCTST, 55.000 ,,,
1302,2bP8NY1nsqbab8gPWiwQ4ZrQJsnDkSXJSXo, 54.000 ,,,
1303,Rrnj9UgNthsLGxWs945pVACZgoPQ1dyprT, 53.725 ,,,
1304,8zoPs7P6axBsjWC6QQrU7k67EFUf22rawg, 53.000 ,,,
1305,WePUMfikkFT52QXyFVv9wsUc9hqMPRT4iq, 52.650 ,,,
1306,AxVis7owmGAPdhXWprJGzoeabEajw1vKEN, 51.000 ,,,
1307,2E9XqF4mjdoDPe8zN7vpzbtSjoyMcpr2pKY, 51.000 ,,,
1308,cADWTWzf7uPTArmo1UMw6JUxDd21QEkcc3, 50.000 ,,,
1309,j97VrouaMZvMPsvuazk5NSELuaeqYKnuxc, 50.000 ,,,
1310,2MAmQaizACyWn9EwCrc15vFZkMxb2Tn5vuA, 50.000 ,,,
1311,vuhjaun27MnN6zUZKcFVNpWDZnFbcvzgTJ, 50.000 ,,,
1312,6qxajJuTCPgSQYApSsNTaZf35Y6GG4M2rL, 50.000 ,,,
1313,hHBP7w2Hp7hqM5hk8JxDsofBib754t1QPK, 50.000 ,,,
1314,2mMcWEqUn74kYggb76XpLhHMExJy6LA7GHU, 50.000 ,,,
1315,221oxRW8pXjGttt4Mh4tozXL8ztgBXJhWHR, 50.000 ,,,
1316,2VEgHFmmyyL12nniTqNmk7MXEsJxLThG8M8, 50.000 ,,,
1317,np9LQ2brDzBXwySyKcNF18iLQqVJ7pPHxr, 50.000 ,,,
1318,22KUb2M4yFJb5jq3uKU9Z4SWoNkXVbxJwm4, 49.699 ,,,
1319,xPeNV7eBW9Z36KVSkwtTLCxNjX9yEVTk2v, 48.517 ,,,
1320,2kfjvaLFQZ1mV9XinCPKBAF1djrFYSno43a, 47.579 ,,,
1321,2mTUwpQcSLE7wDp3rWZE8yk2EWbZyRrwsRt, 47.134 ,,,
1322,2BSe49wTPCxLb72wP1fiQvvw1CGJy8v7r2D, 47.000 ,,,
1323,2JiBNXp9ifnY1Mbvau5wM6BgY4okz2cEvW1, 47.000 ,,,
1324,tiq9KEMqpDipmxgV1RjxqbJ1xaC47W4NKF, 46.000 ,,,
1325,2NQ5a4UFecShK1yKzBZKa91D5bVvKXky59V, 46.000 ,,,
1326,2Vs1ruMiw3WWiWWurViRiDoYDhAzcq2kB3L, 45.000 ,,,
1327,2AbfxQh4ZsNuCNq25P2bjrYRzcyxzfarVjk, 45.000 ,,,
1328,UNU5chFLEresxcEdCrYETBSEUQQaadYZyR, 45.000 ,,,
1329,2Xbd6fQDeSMnsxvfGALUZbQV5dwo7ZDV8Ed, 45.000 ,,,
1330,aFTJmX7DaLMBpeHqsEDaDqC4mvs7V9B6a8, 45.000 ,,,
1331,ncgwkPofdb4d9Xsa2yD8tpY4x4UaW2fpKx, 45.000 ,,,
1332,2R35TUTcKDbXscGu1xCSPQU2KUdx4siVkqt, 45.000 ,,,
1333,CDS9E4V4dMoej3Ftyf3NdLFufwUTVc1PGM, 43.331 ,,,
1334,UDwB3gs86v5sDhibFUexnv4vzNEDtcyAg5, 43.000 ,,,
1335,gcRYyMXpzcmuQGgha731YHnQXxaAFSxNyj, 43.000 ,,,
1336,NDNHYijyKyCHGADumpptfEkxUAb5rMWGZj, 42.000 ,,,
1337,2c6umT545AjDVX52L4sbFXEeQzdad79HMYu, 42.000 ,,,
1338,RYKRWUPqH2J6jGZU8tt1TyNQ1sm43uzeoB, 42.000 ,,,
1339,tgwDN56EyNZN2CH75suxxnHrzRQd5HU3R1, 42.000 ,,,
1340,x1Ai1TGKfv9cyDvaaisTQu6Ksj88cJtWJJ, 41.000 ,,,
1341,3UhYu29htAXNcHjBxsJcpt7N5JcZRAzaom, 40.000 ,,,
1342,2P1en7uYW3dU75wjqzEHMBxRZ4fP1cLfwe5, 40.000 ,,,
1343,FeFYdijXRsDFW8SsLymPorXEhGwRG4faY8, 40.000 ,,,
1344,9HpEQ4kHggqBFj3fyG2QamU4XKV4bbbujd, 40.000 ,,,
1345,2NdgnS4YCRjjkcsuobY8YF9ANtZoihxMsxE, 40.000 ,,,
1346,2doNmNJLNbYVdzKt6uvsPM8D35AzZBENwWv, 40.000 ,,,
1347,eyKnG6Uf6XDCuk1RGdpfdY8QbJei8qnr33, 40.000 ,,,
1348,egDFMwXUEJJ9DbP3Lk3REHWquZb4wKLawX, 40.000 ,,,
1349,XQkAnkS9sc2gbW9SYxMuZ5yAdo1dRspuCk, 40.000 ,,,
1350,2dSie3UCMssjNaRyrEm7ArS2MKwUtthXdej, 39.733 ,,,
1351,91Nr39PLcTBnFiCJtjzCsiMcDkdF6eq3sE, 38.000 ,,,
1352,MZaEd2gAwfp2pWVCQjoXL3Vbdh9F9cJRWY, 38.000 ,,,
1353,qoY5fsrD6trRXCasqc7m5toRJ2xDgMXpU6, 37.649 ,,,
1354,2B9JPP5HF9mdTrMk6xvGY5DYvyXc7mo693P, 37.000 ,,,
1355,2XB9uERVEouUXnJ8gqFYS44nPGvs5MXwMkb, 36.111 ,,,
1356,2KPduDKyUUHMxAQXZ182n935KBcsa7XqN7x, 36.000 ,,,
1357,APq4CXoCSxwxwhmMc42sxa9yvnCJCc7A6s, 36.000 ,,,
1358,n9GujMunXMhnrrXDUQHxWnFQ4pqP3z7Azx, 35.000 ,,,
1359,peospjHNKUgtb6nDci4vscixQ18DdqwsXK, 34.000 ,,,
1360,MptmmapGwdHnCeiWD8Dxe6tTqx2JweH8jG, 34.000 ,,,
1361,2T88qMiNYtvB1MB8cV5a6DVW82xy9RjchYD, 33.000 ,,,
1362,2Mh4QEhcaJUENMKDwHVAcHTfmUPbESJ22Bx, 32.000 ,,,
1363,BFXbXr6bY4T9MRXpitbfShSnU1REu7sZ8W, 32.000 ,,,
1364,2XQJXVZuUSNvAc7BfiXn7hbcd6HGPabJShv, 32.000 ,,,
1365,2WfGhqf1QhrvRMbhErd3fGsgtSprztoaTSx, 31.776 ,,,
1366,2CMcrPc5q8gTWevJZFt5tccVc7Dt2sHybMx, 31.000 ,,,
1367,6QoULeto8qu1zWUcau83VnL53zpLmDaKi7, 30.944 ,,,
1368,hATyfDyjgMdwHNLUitYMupD7ajphhcEAiZ, 30.000 ,,,
1369,ThZbBfegKrUjz9ZsGdVaWgGMSExyU8cfxh, 30.000 ,,,
1370,2eDtgTHAQUn5r6bQ4ZaYG6p4Y25u4EXm8DA, 30.000 ,,,
1371,2TG9P3W8tnup7VXvL5mQEcGMdapwEBEkjNC, 29.800 ,,,
1372,iuCnMKfituTTVU9cy1kMBXEFouAJAo9t2w, 29.174 ,,,
1373,6yBHpJmQg6UpqZdPdMdZXDemXJ8fC53NrM, 29.000 ,,,
1374,2HC1i5p1KBiarFwJXbiePveppkLy2UNGPNV, 29.000 ,,,
1375,QMhpwU6572v8Fx1i6zzmJj2NBXsEJPEso3, 29.000 ,,,
1376,2QyMmdgpWrLZspmUBpHa4BFDEgDTbDLwDN5, 29.000 ,,,
1377,226ioAojW14J2nhKE3KkYJgTi1WvJGTKsKh, 28.000 ,,,
1378,PdafEdQNTewmgKYdz6bKhmoPLiM93fyE8o, 28.000 ,,,
1379,bw8ECztWAzagB7UCnJb7dRDVLwZ9ffyhRC, 28.000 ,,,
1380,J7Ln4EBPM55RQdDpcLXVD4ugaU7HvJysNT, 28.000 ,,,
1381,uZrkBiWHcLvNsuB53CSJJhVjFjdbaaVf7r, 27.778 ,,,
1382,EvTrY8zmcn7uE8TCzoBr2oY9KgBr2ZJ5TQ, 27.000 ,,,
1383,5wqghzvsotK7DU4m5UM9xmeP4rUrQqod4e, 26.869 ,,,
1384,2Qys12gJkAzYWmTR5c5yuuRN361CLrM6sKE, 26.820 ,,,
1385,12FsJW7rsuxukDs4tMMrGKYmuhaDDAQoQN, 26.000 ,,,
1386,2PKUW2tXn1mkra3vs3VewV5dYavsr9n9xwq, 26.000 ,,,
1387,8Paxt7FqxorcQZATBPwEZpbkPtQenndSba, 26.000 ,,,
1388,2R5D1qohZErU7LkAEDWWTjs7uX2fkfjpt7, 26.000 ,,,
1389,2Rzsj8BM8VKnswLg7pRJmqNNSRxApd2ude5, 25.000 ,,,
1390,2f4M3pbFGhdYLyc1f7ZZF6iUgNPgBmtX8gs, 25.000 ,,,
1391,LBCSbg8urCRsFqgPhTnkUMKwZNCfFYSdKJ, 25.000 ,,,
1392,2fBuWeNLAkFCqxuAqMx8gWHPHbX2QhGtXyV, 24.000 ,,,
1393,7a9iMNYqUJ2zrF4aLkyykxnSfhD25SNxzV, 24.000 ,,,
1394,242uBT9KWzxXMZ4GPcRssbKndEBXjkcnXGA, 24.000 ,,,
1395,EXXPU2xy6b4VT2zSmAX7yNw6uhbaxu13Yw, 24.000 ,,,
1396,2dGoxLU3TC5FKznLGfQCUfq3uyLPQRK5LS4, 23.000 ,,,
1397,2HqMwCK82DapobQasufmzgCRwEafeu9ezcQ, 23.000 ,,,
1398,4By5yahHWjWM6rwMWUoUUT4dJDCKKo8be7, 23.000 ,,,
1399,2SrnBiG43shhi59bRmCXhqF2HTX9mDmtYdr, 23.000 ,,,
1400,2GogvVtTaWZYh4tb11hqxUbCXgBBHiq9T84, 22.000 ,,,
1401,2GJMH2CBiu8wkb5MCS2mJPk4jGg2kFFF8TT, 22.000 ,,,
1402,2JazSPWvEJFMGdJFxJPgJEyzvHtajNbWTid, 22.000 ,,,
1403,mxBfFZ92fS7QEe24hyrE8Q9fgq7wWy3tmE, 22.000 ,,,
1404,2C7CCMK2UXk6SAyeZDLP38FvF4vk9dgbtUa, 22.000 ,,,
1405,kMcemW89eD5NHQ1vdtC6SrSuhb19bPXh2f, 22.000 ,,,
1406,2GHU12Dy6DBJnFs6fCnxhPZaXRFrk12Lesg, 22.000 ,,,
1407,2Sy6NwPWzXGhELLDzqYPhSX9F5KrWEWZdYz, 22.000 ,,,
1408,2aaAxgELz3dDkHzbFUZ8HGAnT3sSmeyborX, 21.730 ,,,
1409,vLWDJvnq8cSzz1otzkLzARLGiKCQBJGQZk, 21.000 ,,,
1410,G7i57nSuFoU1oCVAZrEDXAFqnX8nEbn4RP, 21.000 ,,,
1411,Lw8P1FtSnKwcMnd8JxFhuBs6g6CcKczVYN, 20.000 ,,,
1412,5CQwyEeim33askGx85j3r83ukC6wn7uHLF, 20.000 ,,,
1413,28aFGfLVwcBQKegjstfXJeU9wYcGGuysbb8, 20.000 ,,,
1414,26dHgvj18thTYoXMSirMHPDyYUYfT4CHpgN, 20.000 ,,,
1415,NmsevmpJqAA8f7R8zNKCaJ2dxkTA4T5Tvm, 20.000 ,,,
1416,ADgYkxHT4a33TCVwGSxPWZaVeF3M4kmgYE, 20.000 ,,,
1417,2jAZi3bdhHrEyJ94G4p4dsKKhYRZcLcjMu3, 20.000 ,,,
1418,8Y3zJBExdS615LLjxL1ACc5Mc5SV9PfGbJ, 20.000 ,,,
1419,MQ2pQV7YzXw1EVWJ2hZ9KD1h53nrg9ouKX, 20.000 ,,,
1420,jq7j9SBicpgG1FeJgKuRdtxeMvVk4mjH3W, 20.000 ,,,
1421,ZF9k8J9ewoMdBqwQQUZw88GF7TL1hzzHpm, 19.000 ,,,
1422,iMvWzT5nfaxdp5qb64b9sPUaN6cHTurfPT, 19.000 ,,,
1423,2EATC5ewwFRtr45TapXHcSNuZtfR8cgcFoa, 18.000 ,,,
1424,93KnTb5eVE6wZG4YQQFf3cvGc8QRfoiJQF, 18.000 ,,,
1425,2T5SPWBkHqAYvpuESV5hWRqT31n547yq6MT, 17.000 ,,,
1426,2FEQqCrgFeZHuVAo9znxJn3KSJPgXx9uvsf, 17.000 ,,,
1427,2CZy4XkV7n24DaaDEyfSXGBaxi5xdspBbUK, 16.894 ,,,
1428,9hEd5D7pJ4A9oWn5rmYo2CNMxSYSGTcTPG, 16.000 ,,,
1429,W6UhJGkRid8pQ6j86QSGmpULKNMAoMHPbt, 16.000 ,,,
1430,269G6czuBZ6KpH99nfrETgEbu7pF9MhBLhj, 16.000 ,,,
1431,224YYhjZmmPsAxybRg2ymzaQyyXar3E5pp7, 16.000 ,,,
1432,qcmWnY5Su1zoYUTkBCCFrayZvLax8Zkzw5, 16.000 ,,,
1433,khwJZ4gRiuYmHV2H6azz3vCNycsZNRg7Ft, 15.399 ,,,
1434,fMh8B7fyeEwMStLDjkStcsTqQkG5o7yuoU, 15.000 ,,,
1435,YjWhESjbpri1g3i26AaG8pCFw5kfSLsPY9, 15.000 ,,,
1436,2DTQZUVoPLtV8AgfDS6pBPVEiC7Zh9msRGo, 15.000 ,,,
1437,2iTWCqvS6EDg8Y88JDwEjmGuTTrFRcN6jtd, 15.000 ,,,
1438,evBxxyr9GYxogaJ3yRjaKzKh6rB9uNkSRG, 14.000 ,,,
1439,2F6cCVuGhLkme8TxWGV64ZLsYFKbKsGoE4S, 14.000 ,,,
1440,2KsnqTnxvC96dcXv8meqeJdTYCn6uMGvgUH, 14.000 ,,,
1441,23XdAcc7RogLjJFbkUkdHYXAyWzdX1XsZha, 14.000 ,,,
1442,24DZ7WsCo7BwUQRgeGWF9xP7LKkGrUAZ56G, 13.141 ,,,
1443,2EYH3WTpkCcTk81zyKj4MmqA2YMhNspYf7g, 13.000 ,,,
1444,2TW72mNXZu7UfpxupL6n4Yfey9o55ju5eDw, 13.000 ,,,
1445,GaQkfmwZZBxJvJuhb6dh4ECLaXzy21DRts, 12.191 ,,,
1446,2bxQhT4VgfTu6JZRfe7kZrfKwirX29P9Di2, 12.000 ,,,
1447,PGTaXvgt7YBuo39HLBiqRzoqvK2NQVqQd2, 12.000 ,,,
1448,2d2VY1ttfjj2HvV5by5qzXbgprremtQ8YyM, 12.000 ,,,
1449,Ws2vbLTXJpZSYEGQfaGq3BP83YLeYnxT3C, 12.000 ,,,
1450,2BKLeDQvvS53h4R8uUezgKCWxCJM3k1zad6, 11.000 ,,,
1451,2edgZSqngUvJEUkteZdTF5abij5EE89UF7J, 11.000 ,,,
1452,2XYPVwVd74rssPyEfmxNGuJCngxDEJsMGAm, 11.000 ,,,
1453,JCHPvapYRyW9fwiaxvFHr7XCtxnNmmqsQ2, 11.000 ,,,
1454,jJ1o2hr8KiAYNGku4NSuBbxbpv9QMGUjjo, 10.500 ,,,
1455,WQmcEszvcsaQbyhdFoLo3xX4HYEP9YpJTG, 10.299 ,,,
1456,eMYndkwrWBFRhQRmHoafQfH5VXG9s6rcgT, 10.000 ,,,
1457,21Dz7RGFM1apZy6yn9DhuTPKkxv7qzcknKg, 10.000 ,,,
1458,by1kTKvoHHVUafcALHDMMGvFB5D2PGEh2, 10.000 ,,,
1459,zsuB7HgMnqBMSgRFgVbyoejWqoy1fQoPPj, 10.000 ,,,
1460,NudrknaUPde9GEtzXn215tVj6XAMGMWUrs, 10.000 ,,,
1461,2575waBwY1wUiuyDJhs2F2pUBUtaBwujbs2, 10.000 ,,,
1462,28oDnpinrVJvMH3s7f5tqjKaZRJdm8pxzcy, 10.000 ,,,
1463,2fWL2anKqS7HE7BTaX6X2TyqHhkokqKCoz3, 10.000 ,,,
1464,2BGsDUGVbNfefe7JKTUnKp9AwbJgKnhVY3s, 10.000 ,,,
1465,6oZkNawaSJmB5wvwZgRBcJ9idryGK9haik, 9.603 ,,,
1466,p7AwgxJZgiRcdSbudgm9ssbxA8cCw6p1jA, 9.000 ,,,
1467,2EJ9FNRdUCPDbFpjtVJWtofFNnpnanqZpfu, 9.000 ,,,
1468,2mXEjWzh8JQBaCaTAhQ3Wv5aTzPcUsCmBae, 9.000 ,,,
1469,fBd5DkpcUSj48KH3WcZwZL4Q8ArbkkYdgQ, 9.000 ,,,
1470,y3uSUJ9PiyktwGjdSb6y89zRkWDvji2v2Y, 9.000 ,,,
1471,ymh1aHvWjJbo4LyYmSf2vc3PWDJMh1iViF, 9.000 ,,,
1472,2QnLhNdh5M7r5tAks3gSwxKgA4PoCVSPjJX, 9.000 ,,,
1473,4aAuPmZ9RmAf6AHuq1Md6H1KoNGHZi22zR, 9.000 ,,,
1474,25RYiEW3sfALbmW53xqCaJBQQa4FtuJQjR4, 9.000 ,,,
1475,KR6sPjZvE2KfpAEpmMCdqAvCrtASpNADHK, 9.000 ,,,
1476,SXWkP3Jh36iE7ZdNTKPLhCzBSLekiqh1D6, 9.000 ,,,
1477,2UKYpsVhiKW3H36SAVZy9CvuBEP95MfMwDh, 9.000 ,,,
1478,vuBCwaVgdNDWCcRKAsC3RMgzFyALc2LoPc, 9.000 ,,,
1479,2WhcsxUc6j25bDbGrgQTEErfh7aWqChVJ4s, 8.849 ,,,
1480,2UURF7ZnWbDoyKGsSPaZd4axdL3o9N42yGJ, 8.500 ,,,
1481,V5EA5xr5taXSEPrUqJP5b3HK688hreunnZ, 8.298 ,,,
1482,bvk2y63u71LDdJs9LF71qQaaSCg1NXZ64C, 8.000 ,,,
1483,ZCr9ZuVYrBtDahu6ndm7gnV2Y2dgTznhy9, 8.000 ,,,
1484,2E3XhptrXmzFcGJx9nG1Xmg1fGzCiCb3w39, 8.000 ,,,
1485,2jPPRa6JrYjY84BwZptYXrTRRHe6LSja9DU, 8.000 ,,,
1486,hqUkzTjVswhFyPXMVPVXjXRnmL1hWvZr3T, 8.000 ,,,
1487,2ghLcRqUX1gJYopszN6C3xehR3QeG9sbkjF, 8.000 ,,,
1488,31UdJKfA8FKgs1vQgSMFWMJpd5Abu4vHH1, 8.000 ,,,
1489,qJikKGRmeVzmc2w9bhyaFXNxG2TM87p5y4, 8.000 ,,,
1490,KZULDtdtgSqhUzvVJLBhscFaXGHdVHZ9TU, 7.333 ,,,
1491,2YCuwidc7AcFRoeqm7EKLZpTKu8Zshtvccf, 7.070 ,,,
1492,rF7ia4VkFdAEovAxXv9CunsoGWbs6zfosN, 7.000 ,,,
1493,24EVxraTUmYNPCz7EWNbj4gaTExwh1WmgAH, 7.000 ,,,
1494,PSmJTCpBNbnXFTwYTcnGqwmwZj3mAmFnTc, 7.000 ,,,
1495,2WhBj7YxeNoncP83KwRKaJZu1oUH3kXX6b7, 7.000 ,,,
1496,2ETfTarmZySwVfsdK1YsXtzD8mYEkYY5Bvf, 7.000 ,,,
1497,2D8pi4452AnNmckbPcjLtUdyb8P4BGvXwkx, 7.000 ,,,
1498,24St9FvenUK3eAK2aJqKV4j3hCEaiXo7Nag, 7.000 ,,,
1499,i2QPzHtah9QfAFbgtgXoZspvsyWBkGB67G, 7.000 ,,,
1500,2RsDccr5vsyaztq4kbUmCCdVcTQ6Y9jrdeE, 7.000 ,,,
1501,2GeJBXsoXuV1DMfC6u8Nzv4pe1kBp2FZdfL, 7.000 ,,,
1502,2h4cu5HZQabwcVhXwk5TzU798bUZpVEcsf8, 7.000 ,,,
1503,25W3dHEiqce85S6KsboMSKfAqUUNTuoJwtb, 7.000 ,,,
1504,og8szHE1LNBeS4PJrfUK7JFjxifaxWb4Xz, 7.000 ,,,
1505,jGYJFEnBoSUNxrNK4xz9fgR9C8bjBtBnsu, 7.000 ,,,
1506,A69jcKJz6b6ujn6UKRoFZRptYdJ8xTXvzS, 6.700 ,,,
1507,SxKQtH7fzTrBSUVt4juhteBUrvEyMvv79K, 6.000 ,,,
1508,YAJELqbZTTedEqf39cwDbPGfFxwfRCjsya, 6.000 ,,,
1509,3dVt7qCbotUqK5RJDGb3kB9J6SRbBdR9nU, 6.000 ,,,
1510,2TszVeHEGnnEfWteV1NjxTnSWD8yesp9zgD, 6.000 ,,,
1511,2FB4cTBHatHcKGkvm8Vy36V3bj6exxXEDUU, 6.000 ,,,
1512,2gXneuNGset4yMHAEug42usUvys77GZ53H, 6.000 ,,,
1513,2Y8ZVKveUWHLTyBiAH6rR2aY9bpommf2APT, 6.000 ,,,
1514,XS2m8U4eMpqHATnMk4qJ73pscQBJyYtdX6, 6.000 ,,,
1515,2izWM2TrUFFypqEBmZGT2EU42dF7t7NGpZL, 6.000 ,,,
1516,ypcnHs5g3eYF8pkZFeGYDjCB6Hie9zvGUe, 6.000 ,,,
1517,2jbMEUikLKCoCPwLwtDY4uidHFmU1H1zym5, 6.000 ,,,
1518,23NhQUCe9aWxMRPuqBJR7LcYy1w9dRioqE2, 6.000 ,,,
1519,2MY4W3DcnJPYfNBLGjAvLbkWRwABzhDnsvb, 6.000 ,,,
1520,2m9SQwogaT3GUaLJBqE3KxHGfeBj8L5ur3K, 6.000 ,,,
1521,2cRM8Z4GzZKWaa7LMJuqxfoT7WDyAchnzCb, 6.000 ,,,
1522,2FQqB7snjanFkYXbCEpnfoVK1ZaNg794Dcz, 5.995 ,,,
1523,2mBi5RnmwERr66MJHoV4A9UA47GgLE3ud5Q, 5.000 ,,,
1524,P8t65WuW2GQWCDz8vYTPQ3CAJHhkqX48KE, 5.000 ,,,
1525,2AaVBhNgqETCf5Y8JgixqRrLhRr5cV5w98R, 5.000 ,,,
1526,25wRPQbohRWacL1Yv88qEandwMjf1UUMANu, 5.000 ,,,
1527,8nz4MwAnj7fpTx8N8jnQ3LzoNjA3WG9W2E, 5.000 ,,,
1528,2CewaPmwtJAGN5ov6rEX7Naaox6gtKKyMND, 5.000 ,,,
1529,2htR9in3hk62rTgVXojK2CseUMaa2zGGQxP, 5.000 ,,,
1530,yjujvJvVA5UfJdUKs3eT5zAkAZAh3YGn1J, 4.984 ,,,
1531,ZRTgJK5A8XecawjrLNbmWi58VXi7zTXRfB, 4.799 ,,,
1532,JvUgwJnddL3R2LJbTFiDMJge6AFCVrCK6L, 4.440 ,,,
1533,2JyDYJtx6SXYhw8KGU3eqdXt6BR4eUpgy8y, 4.060 ,,,
1534,2VQCBW1rDL1nUT6U1WKNt39VmeUyBbruRGD, 4.000 ,,,
1535,q6CWm9MFdBBBgXuKmgmqnzupGPZCDhanif, 4.000 ,,,
1536,iGhUDorrF6sp3D1YeyoRpCXxWh4pLtnCdt, 4.000 ,,,
1537,CEgxnswuAhfsepiNxu1zZnNsqx3PVnPvw6, 4.000 ,,,
1538,26AnSSrELF8Xe8kY9qkupTHxEVNoj41gobQ, 4.000 ,,,
1539,2hEYjme62DbGSgFw4YouqAhsosRKhdoyQGa, 4.000 ,,,
1540,Hx4WAZpUPjea1VoJwcgYXGehqph11SHPo1, 4.000 ,,,
1541,2TyTnUrSfPwcSqASDnWDmXei4av4bzis7Bn, 4.000 ,,,
1542,2TmPAM8NYcBVSGaPEbUFWQ4Hke3sAAnaKz9, 4.000 ,,,
1543,YgupKSaySAJqK8zNjWdjBb6G7cszojA5FU, 4.000 ,,,
1544,c8uGXjfwny5CRg1qiGpGMXgeNSmwwyVXT9, 4.000 ,,,
1545,2W96hm9ep2be8H5QcFr2776aEiyQZKYp26W, 4.000 ,,,
1546,U9NUH7CySdWW6knf26E6eeJCqSwNZgj8kX, 4.000 ,,,
1547,2KQGrdVtiDB241uiP4Ljudch5U9CtZY2gge, 4.000 ,,,
1548,2EfVWEt3Z4EKiESdCcvySLtmiboAiEBn3cn, 4.000 ,,,
1549,SVKAPHYBunburEejizqc65E6f4t5vf275X, 4.000 ,,,
1550,D9xqW1VhCAuvC3qG3jq4ViwtAdfjqrpSty, 4.000 ,,,
1551,2Taf5EUsp1CQ72mtoqazC79NbiyDy45hEuR, 4.000 ,,,
1552,fwJ56n5xGnK8PRjDiYXRMWE946cXPxL5J4, 4.000 ,,,
1553,FXs25i7H2hf8AUodpUHaYtDn5iJafqZrin, 4.000 ,,,
1554,2Ask35hNQoniKwBdCuETQJWey17vjGunDjQ, 4.000 ,,,
1555,sbs6r8yHpEyeo1zwU595pr6A8VC3WANkkS, 4.000 ,,,
1556,2iVhoecNyTmfPSggEDDCsFk4QQAJkaJkbf1, 3.970 ,,,
1557,NDdTp8Zh1jybs5WzZScaJX1cFZDSuMscNf, 3.000 ,,,
1558,dCtFkmHtDXvfvoMzNXFy4mYvKiANDWV3Y7, 3.000 ,,,
1559,7c5ZDjFrBmsh3o7HivZpqFEeLp5ePVaH8d, 3.000 ,,,
1560,2NunUx6gdwpf9XKeCK42RB31tSxQTPmZbjm, 3.000 ,,,
1561,2f9rMwphs8f4EgnnDtQUDsSvfxg9Nj75FeE, 3.000 ,,,
1562,EWRgJGDsEJ9nYLkUoYGjbPnY67Fkvxn84g, 2.333 ,,,
1563,2Va9krF3LcLL82Q7kZCFsAyfHiQEQeuXYFo, 2.129 ,,,
1564,2mzqo8WQZyzWdHxtihf29w73deWALreA8ny, 2.000 ,,,
1565,cNix8zen1VG9QjE42p9PfybfTYdMxmfjLA, 2.000 ,,,
1566,xxzBZ9XB31gspjQZfJFrEyJKYgkNHAsiqm, 2.000 ,,,
1567,2KgY9HgcGxXwuSpuFRa1JuWWgik7Ken4mY, 2.000 ,,,
1568,vWbsLjCp1jyXhcpE7rHnV1cigxA15VAgMR, 2.000 ,,,
1569,2Rep4VAh2k3acdJm2BhPza5nFHQJLz5Etrz, 2.000 ,,,
1570,2VM1mqKrzbNFsJbrZzqaPgUvVx497LZowfQ, 2.000 ,,,
1571,oat7KvUU84oP7zh5ecSC9k6WLUPJemzYvk, 2.000 ,,,
1572,vfzZLnKfGctcWGokQeWK9SkpMiyeZ7dzA1, 2.000 ,,,
1573,M2rd4x5LtmBB9Z5kUtgCMhPHNYAoMTvP36, 2.000 ,,,
1574,2XWJt3Jxz4LF89XETDDwQufuKig4S479udA, 2.000 ,,,
1575,pdhWdX47xR4gUtwHwtofbnjyq7fB452XiZ, 2.000 ,,,
1576,2FibkeEZLyKxSTyNKLJy4itWx839dnwehPU, 2.000 ,,,
1577,zzjqg4RdZ8qRJnZ8TUcrYz6RheG5zXWZU, 2.000 ,,,
1578,2HpNn2BrJqRvddDNJuUzmv2CF4gWXZ7fWGi, 2.000 ,,,
1579,NHWnq1UaiBa7HFvW9bTnagxnUf2cTYvUf7, 2.000 ,,,
1580,2hDfjWdXWN1js8pDzfkvNX98ewsQdaW2Hn1, 2.000 ,,,
1581,28wgjD3GToqaHfZcg111wsgD7c1dP7PBg2T, 2.000 ,,,
1582,DSVaXDXCEkMpPTssgguzY42jrQ3eCvonLQ, 2.000 ,,,
1583,dX5xsDv7jYUYByccGd33aeComofHQNJ7Kc, 2.000 ,,,
1584,2FMV5DjidcLbDHK8aMWsMUWRdPJ5XjHzxY1, 2.000 ,,,
1585,2kbMbgjwDLNudtDReFDsxxthVLvSvHhXmzH, 2.000 ,,,
1586,2G6PUrNt132AtXSQ7CB8CZKxgS82QwK217j, 2.000 ,,,
1587,2MXYbKw4oWR4cQEBjPbu9UmSAVUePCu2YXy, 2.000 ,,,
1588,7E1rUaUcQQwEukDVMRNmTYAzUJAw99Ygh8, 2.000 ,,,
1589,tPkDwvgijY6c3dBax3WF1MjYQKgdQhe98V, 2.000 ,,,
1590,2CWegbXvfWpzqvcVokZHmebFFqknmcMzcRu, 2.000 ,,,
1591,2MNgk7ZkiG5Xk969556iiexyzrvXTS8TWQV, 2.000 ,,,
1592,pEgZCZntHHMHPEzYtMWYha99GgUL17HNC9, 2.000 ,,,
1593,Vi2TrHALxdcWWzYbApD9GnNG6ivm5yg5Hz, 2.000 ,,,
1594,oaAvrEcMR3gcGLA9kG24Qemh9Wv9gA4oFk, 2.000 ,,,
1595,2ibW4FoLyg1wCHpgeVy7YwZNCVLjfSKjCMQ, 2.000 ,,,
1596,3TUKyJPq9yf4trKEyQ4fevH7KkV6aCmUQ7, 2.000 ,,,
1597,2SMVpwpJnXePCR8sDqX5WDqmLz5cwXWiGb, 2.000 ,,,
1598,2ZwVxPN7eUfKnetj2Pvw5uEaGDcjMMcy3XS, 2.000 ,,,
1599,iQrA76NQ3LRQTUUBexikBptgj4Peoa44Uu, 2.000 ,,,
1600,2g71UQ5C6j2nPy8Wezn9pacrKgyNUqmjt8S, 2.000 ,,,
1601,acb5r6PkdHpVPjwoHMaqrDf9p2LxLnimMf, 2.000 ,,,
1602,2ZijsL6n2Z6xAU2JDxctfWzcPHDkJ4t5pST, 2.000 ,,,
1603,JRnYcXLy27K8Q3H7Sgygcjv88Yw8Epeyb6, 2.000 ,,,
1604,KkfRbLniBmsozBwXCcpeKznN1Qcc7Nx7W1, 1.800 ,,,
1605,zSSixwze9dtqKzmje82SqdqaZP8XSJxsvE, 1.140 ,,,
1606,2iVtHS5ye99Km5PonsB42No3pQRGEURmxyc, 1.001 ,,,
1607,dLsFzFXXjZXdoDdUowEU3b3wQvPEpca1af, 1.000 ,,,
1608,2Q9e8PcENVkupzGbPScowrsAbesw9upZTXA, 1.000 ,,,
1609,552nqYXmKEhmfZsimf5i4Za9Na7kKYHdbe, 1.000 ,,,
1610,23GjQEcBMGRAGXcrAJyJXTe3vCBsTB2qCay, 1.000 ,,,
1611,7dCTpeG5ejHeZ5jdCWiMUPLoJ36TWGPFgL, 1.000 ,,,
1612,cV6dQRE26s7UEWnBmb1AMKmRvcHYQFefL3, 1.000 ,,,
1613,kiRFtJ6PQcxGD6RHjuSpdKqZbozSV9Horn, 1.000 ,,,
1614,23ciBikpMvoLmhUPNfSztLW9ocCaUuekF5b, 1.000 ,,,
1615,8Qm8tuumwwx3SUcPJ93fZZMWfxozCqcirA, 1.000 ,,,
1616,2gcBBXuPGuYDukYmiyWBqdGzqDJNYMYB5Ey, 1.000 ,,,
1617,2bkvpQLYuw9412Vw5A4BZuKZmshdvuaPnwo, 1.000 ,,,
1618,WDvCixFTM2g8jM9daL1pkrLuZUf9NVSH6d, 1.000 ,,,
1619,2J9HAgRqjZBufvFBrt6vmCzNBDb3JwzcTiT, 1.000 ,,,
1620,2SkL6cwJFLQroqT2uVQVKF2B637v1e8Y6N3, 1.000 ,,,
1621,ubjW61yiwtWwiJrtYB8T2XTtkvVpZFigqX, 1.000 ,,,
1622,28Zfae4NMLmpRwTtA1cG8K9amcrnxNazWWQ, 1.000 ,,,
1623,29CGegsM9G2p2sfffkoq3guwrzq1ofkug5m, 1.000 ,,,
1624,2LEVLxf31rAdPX1zdY4McuaDqcQ9KEmm37C, 1.000 ,,,
1625,2kPyGqC8SyKeNDJpkDqw6DufEcLAzxwW1cC, 1.000 ,,,
1626,2KgYQyBKg96xUufbv1itxC9tqThTDgY9RDx, 1.000 ,,,
1627,VUwwia8tXaRDCLNu1uAzSVY2CDHDZC17Es, 1.000 ,,,
1628,2jiTpNssha3VXD5Joa6BG2nCWf7EYeY8TmN, 1.000 ,,,
1629,oiyXgURUXPNVUWxU9JL8nm8mkxbFVxSANN, 1.000 ,,,
1630,2jADq5cZPnE9gNHdbZkUXbREDqXaonHGt1Z, 1.000 ,,,
1631,knMw1J6xYy4PZQA1Q3KeDvtV8hsh6C7veU, 1.000 ,,,
1632,7Z8nZLA2VdFu6rfS6gfhVQcYC94eSeFa62, 1.000 ,,,
1633,jUFJ4hRBSskHD3UiKwy6gKmiGXJjZyY5cu, 1.000 ,,,
1634,cetcPEjuuJVihkP527rpTEf2f5Q6u2UZ1h, 1.000 ,,,
1635,s6PqjfqxGRcoMRVeRczkLan3B8eDzdb62M, 1.000 ,,,
1636,PZPjz7yRwSMQWib6EJ8wnhRiXRLZMnr6yB, 1.000 ,,,
1637,2JqueuXSNG8sFQ1caFVZYeDovCJXW4VpzF9, 1.000 ,,,
1638,3H23pmatGKL6YWdG1grrMymieoAx1u5HYp, 1.000 ,,,
1639,24ic6u6rywKjJGi21sKCZAmp2qHeQQM3MGo, 1.000 ,,,
1640,iaJeREqppQ1PLJar8D35SoAB258WgiLfdQ, 1.000 ,,,
1641,2GWaBMX8NcmLi2Dc7w5R9afMwuoRafLP5m7, 1.000 ,,,
1642,2b5vJLUVs4fFr6qdpAbLMkevCA6DRhdZGtz, 1.000 ,,,
1643,2PoFERw9df9h8ZGUPycUYZf9xCiL5zMNfut, 1.000 ,,,
1644,PbYWr2GZvv2ixS2yxu5TJbxbFBiL2Vm6M5, 1.000 ,,,
1645,SmFQpNcjrUCgQfbxGWMk56TQWRwpfL5Cc2, 1.000 ,,,
1646,uBSg4XYueRoxrEA8odmvAEzE18ZoaMsHQd, 1.000 ,,,
1647,26YNJ9ypSkdnL4Coja49J8aazFzVQwMvbb4, 1.000 ,,,
1648,28hMbgzUqZTscQheqf53u6Tqe76CxAWWs5j, 1.000 ,,,
1649,kJj98DTMXy16cEryTN8LcuXkPgNapnfqVm, 1.000 ,,,
1650,bRQTigkDxfiQcxyzxTXbrE2wMNqfXUEczM, 1.000 ,,,
1651,9EgRe6t3chkMBfbuB5XjCkEd1rBwCvxcU3, 1.000 ,,,
1652,JDmcWEnDsQQfk4oVrwNWMeXgLoF3oY3dtu, 1.000 ,,,
1653,pUmwYKeLL71FW3HUzyh9NpaJd3uo5fZt6k, 1.000 ,,,
1654,5ZGJpN7pJksuVvdMt3aZ1VWxPAJFSwMkj6, 1.000 ,,,
1655,2FBbsuEDvGmxWpjRi98yWwLfixyd138HpTY, 1.000 ,,,
1656,2jQNmQAfmYyhvQ7EhptqsnJzqGPU8zQqsGo, 1.000 ,,,
1657,j3F9SjumxX6Pgva5vADuNdGnMAZknRvmd1, 1.000 ,,,
1658,2L3Ut76JzuAywxU9TbuHTeFek2kjzpWxatJ, 1.000 ,,,
1659,26MLbQBKtuEnDfaveoUUw5RSaSXT8FLFvCu, 1.000 ,,,
1660,ZZjAVm5ZZwrdieebSb29j4jeh1YUNyivzX, 1.000 ,,,
1661,2WPNtgRiEKrzkar4fwnoa8h4MH57eWrZ4gP, 1.000 ,,,
1662,2fbS9nqSC7e7VF9WQDQ3c4uHUHxJr694VFJ, 1.000 ,,,
1663,sdfjGBcLGEML1N4Rt4fb5X6bMXsVp17czt, 1.000 ,,,
1664,22GAeUwiizoWX6UZ5sFe6oohjARMVuemaw7, 1.000 ,,,
1665,7jiagABr5qnVs7gJrVQMxoygtjmt8zyrGw, 1.000 ,,,
1666,22pjBg6Em72fVVn9J2UQCanvUyxgFyp75Qa, 1.000 ,,,
1667,RD4kqgvgaNE6VstZKTHU5exQPP6d1vBS9y, 1.000 ,,,
1668,2aTJFo3crajvmjSiLxWd5ANLWye363qcNKR, 1.000 ,,,
1669,uQk2nRoN8K87ft7E1Y7v35RS6AhcPgkAXD, 1.000 ,,,
1670,2NzqbFNsRTCjmkPuEpvXqojamzYR9Gi6s9P, 1.000 ,,,
1671,25EL7YMzUjiTakfRYqVMBxPAbXSB3efXBDH, 1.000 ,,,
1672,CL8QAPMJbMthZsdWQFnXwsc1ndALYMiCLW, 1.000 ,,,
1673,2BjEKzdtfsXtJ89AywGob3rkFEquts7iP1X, 1.000 ,,,
1674,5iiTaDvt8a4sWRF5eCnXQ7EBKkb9LkqT5e, 1.000 ,,,
1675,2KiJe3GfeX3nD4YfN2we3142SWwLy2c3K3a, 0.940 ,,,
1676,XZD1kepDHkpKNT7qWpSob86Qjmopn9oUer, 0.700 ,,,
1677,W2ya224F6irDTYCSu7MB4s4QJUmHniu6uL, 0.648 ,,,
1678,o1QFk9KxFYHPTawFLHEv4FqqKaoLjaFo1k, 0.500 ,,,
1679,yZtuiHCed2VSr97DDcneiHDmTU2VwRAhbT, 0.500 ,,,
1680,osBUSCi9T9Fd8HW8Ekd2kAFLvbpy5xsmbn, 0.030 ,,,
,," 19,788,727.740 ",,,