000,Ty5PRjJhkcqTeGKQApJEz8wgcn7sbEG6ZT,1000.000000
001,Lfo4DD4JF5jKJYjkcwd73BZohSyqv11PJo,151.000000
002,22KZeag6ziVxwgypCfM7h43PVJszg1U9NgQ,2400.000000
003,Kx2RkDF5WzXrAwHN64rGzU4WtpgFVdEfSQ,185.000000
004,2iiwBkGJxFfHaFTare6RWFReeXW5947euio,1000.000000
005,2Me8RdCPu4XRFdpsZPdRprCuMCvoYcTHbcq,88.000000
006,2H4LHucptUY6s2xcMhvtVpNARGWKKfx1Nwv,298.000000
007,ciq83PSfct4tTqxcdATcUx13epnJzNe5sv,56.000000
008,jPRerrguNcCKzaibkZc7geabsQYJ5UcG1X,61.000000
009,9XBuH2EoYvfFP8uWA3SwAQK6UWAmsCQFsu,700.000000
010,5PSvcjfF8XKWNPvZHKtYwyofdA8Gqrm2x6,74.000000
011,2cQzuSkoSX7DyyMe1Abv7o9vkLw6wCo7GG5,5923.000000
012,2CepMP2Tic43eDfZUG1crW1Nv94X9DpDpYP,8286.000000
013,y3QmpCoKTKcxc9kTPwpJG1sWXjzoE6FUHq,300000.000000
014,2GuydTbnYE3BunyJGS4La2UD6nWS4VyWhF2,2620.000000
015,4g9YkDERKNYB9sXoBUqCoMNuP6gdViXovz,207.000000
016,Lw8P1FtSnKwcMnd8JxFhuBs6g6CcKczVYN,20.000000
017,nnbYMbvHWb6sPr99FaSAexs1yHmto4RwbS,397.000000
018,2mzqo8WQZyzWdHxtihf29w73deWALreA8ny,2.000000
019,9uwzYnzbxNWYPXa8XtU2fSsqhsaNvLNnUA,500.000000
020,2dGoxLU3TC5FKznLGfQCUfq3uyLPQRK5LS4,23.000000
021,27sZ4KJbJtbhgiBgtzsNknRc7H7h8YwDNq5,3000000.000000
022,kRbr2fmtUTvSqwd8QBPAAYVARHAEmPoQws,150.000000
023,2CrsxHjaV14MqphDgDnqNfa4gr9JRmGTjuc,714.000000
024,2HnBLgUiZ3s843ik9RqgnArSNPXdagP99M1,3000000.000000
025,DQvwspdisDXDvhHWtnzLHmnGnEjZ7JMSBV,4042.742000
026,2XsQA86vRTkSHvYgmqS4iLz4vu3Rr8kysmS,313491.195000
027,SxKQtH7fzTrBSUVt4juhteBUrvEyMvv79K,6.000000
028,ZSoKStgSUV1X9bygYgC6bjA7W8FdzFzH8Y,2000.000000
029,99g7MNWDRuPUAXs4dRLSPhZPkERAhaE4th,2000.000000
030,YAJELqbZTTedEqf39cwDbPGfFxwfRCjsya,6.000000
031,cNix8zen1VG9QjE42p9PfybfTYdMxmfjLA,2.000000
032,2JkBfkkvypKCsJYRVgMHwuTupf5u6j21onr,3000000.000000
033,ATDnK877Sae2fwuyKzr66mL9gudvMYG5Zj,1000.000000
034,dLsFzFXXjZXdoDdUowEU3b3wQvPEpca1af,1.000000
035,axFCY5ZELzcUMomy7sN2euEEPu75zNjvFr,2000.000000
036,mnVukq75xXm8SokTwGFwfwFXRS13dfw324,31964.621000
037,2Rzsj8BM8VKnswLg7pRJmqNNSRxApd2ude5,25.000000
038,p7AwgxJZgiRcdSbudgm9ssbxA8cCw6p1jA,9.000000
039,D2Sp78etmpEJTGueu5aokyqEhBu6hYkWF4,40100.000000
040,Ru9BjR1PCDweUZs5foxYj5T9jfPm6TX6ak,71.000000
041,WQmcEszvcsaQbyhdFoLo3xX4HYEP9YpJTG,10.299000
042,2UawChW9sj9EEaVyimore9sbov3fRzif66k,3000000.000000
043,qMB372bnKXmWgqhFNscqFXzSnsqNMRVRWP,2760.000000
044,2Q9e8PcENVkupzGbPScowrsAbesw9upZTXA,1.000000
045,552nqYXmKEhmfZsimf5i4Za9Na7kKYHdbe,1.000000
046,mpahQmbfrTvTTFMgLxmSC3Zih9gWHj5Tqi,300.699000
047,dMoRgMMb3xScDwpbaULVAvbQLQEDs1St1B,99.000000
048,Ribmwr3suiLhQuWXrSnWdjfV6x4NkTU9pj,1000.000000
049,2ViQRJVQ9PD7h3o3T7E1Q2Vs3FHfnuR2MqV,974.490000
050,qXxxMNhWB6TGYhe8eHdH4rY15Kcq4NxiaB,6402.600000
051,2ZGrpic8kHnmF4hX8uxkzbhPedHXUzQsVo7,133.000000
052,2V5rvRpgDix3ARpbWHiikpHektxq9UfQrjo,1000.000000
053,2CRmgKdYWFsoN1AynWKnzjUkLjh754A2YUS,19370.000000
054,2dptxwNY2xv686J7CAbNcjcdddTLeVQLxiB,280000.000000
055,SJCDjvsKKETTw91opNMRpstwVf7U66TYuN,134.699000
056,2KVnWcX9Sw3wstXwrhVDgMbKf7SVDco181L,1000.000000
057,2EJ9FNRdUCPDbFpjtVJWtofFNnpnanqZpfu,9.000000
058,v4p7zTVbmYwwNSdFbD5VF2hmFaQSJWkvSS,2000.000000
059,xVRUuf6RFK5FX65A3EBHEtkjVF3EzDyAQw,81.000000
060,8hdyaZQvVnGyjKvS9zyxYAx7sRNBSRdUA7,500.000000
061,2J54wgWWuZWaUGjDA52xiLiQUs2xh9Jc9U4,1000.000000
062,Y6zdL8WN2ve2S6C3NQsZ3fUjcpVbvK3kaz,2465.000000
063,9hEd5D7pJ4A9oWn5rmYo2CNMxSYSGTcTPG,16.000000
064,vcKRNUT5JEeJ4cc4xrusofSkq7LD57JpxG,199.000000
065,2CSRhtfRJ4ZPjkLGs13bxp3DThYnq9vMfvL,1852.000000
066,2Czv6rJqWTJ6crfk2tTsMEPAaSbGNSMDfQE,291.000000
067,23GjQEcBMGRAGXcrAJyJXTe3vCBsTB2qCay,1.000000
068,2hei4PrJ1gTr1NvKUqMfqpg3fH9z28cLUDd,259.699000
069,2NormrAZCYYEwBUcgsZuwctfogMEDNfL2n4,500.000000
070,pC57hGAqdQ8htk16LcyPQ33HejSTXXD73Y,114.000000
071,iMw3e21GXaMsibH8Ud8BBhrxJ3P2F1UJEs,10000.000000
072,wa4qux5QMowGc5jBaCnMq5PrgGtdreGph,15000.000000
073,2E7Z5o2yigSfVCpdnCWXqAqrqdDmrpF1QqC,9000.000000
074,2VQCBW1rDL1nUT6U1WKNt39VmeUyBbruRGD,4.000000
075,3dVt7qCbotUqK5RJDGb3kB9J6SRbBdR9nU,6.000000
076,2g1c8iCwcmz8UAbZayXJ7ZEtv2BT4gGqDrp,2127.000000
077,21CH2JRfwREiXSVHz5MupPomvRfWuMWzADi,1380.000000
078,oFcnbGY9bWSBFMgozznj2TxGbAL7c7eZDE,58.000000
079,2SAUFuxt4HG3wjtB2H5vbQu1JDLmYZNv2BS,97.000000
080,7dCTpeG5ejHeZ5jdCWiMUPLoJ36TWGPFgL,1.000000
081,2jGAo6mfNcw6CJLzMkMURiHmK2KkTiG43NL,720.000000
082,2mXEjWzh8JQBaCaTAhQ3Wv5aTzPcUsCmBae,9.000000
083,tiq9KEMqpDipmxgV1RjxqbJ1xaC47W4NKF,46.000000
084,6uQ1jJ9u3n2Ph5N2FSMhLZeTU1tstuByyh,4179.000000
085,9MZkYgqBe4kk6uPKuYo4pZ8yK7AaqFnByc,500.000000
086,22iZ4LA6P8YHCZN4yjL3HpxGDdsF5St5uGd,90.000000
087,2Mth3ANVfcwkuNC8kq9LQm4gSX6AhGeXFgu,18316.000000
088,2kWL1oe2s9SBbJHKbfDY5jMCc8XCpWeUthe,1274.000000
089,cV6dQRE26s7UEWnBmb1AMKmRvcHYQFefL3,1.000000
090,ws7vMJsc8ofCkfW5Tc1XFPADPCRyTkJioc,122.000000
091,cvHYw3eVoDrdTqV7T6NcRURJdCmbX3bjHC,2000.000000
092,xxzBZ9XB31gspjQZfJFrEyJKYgkNHAsiqm,2.000000
093,2ReEpf7QuEjrEnJeYdp1Ew6Bo8ji46sdXz6,3952.794000
094,2S6gDpvxGLrLkGx6H7skdj6sAroqXNxafGV,5475.019000
095,f28Q6EPxutk6HVC6mojyH18xLroD8armvW,500.000000
096,vLWDJvnq8cSzz1otzkLzARLGiKCQBJGQZk,21.000000
097,CE5aNvp4qcBeHgaSyF5rFh9k6MamdyfHna,3000000.000000
098,2NKYwgEnSVP7YqdfkfdpHHousSGkCanAmDF,1000.000000
099,2KkU6AxUMCGxmdkWwRE6MSUzSDJfgbYbJBB,1000.000000
100,94KmXQkumMmMYsvbMrpYDEyzkiSS5MFPTp,1676.000000
101,ghcXNFoknojMbLj5Edb5Yz894uuTGYkZjZ,135.000000
102,NkCPLToiTazoipDxnThCb1ZgNRg8Cd6Wbc,601.000000
103,2TszVeHEGnnEfWteV1NjxTnSWD8yesp9zgD,6.000000
104,LC3E2iur5MjbN9L6WhxTYW6ApiMU6hCygs,759272.000000
105,299vhFeEkWwjstRmB3a6weN2Xe1TJHThyVH,2000.000000
106,2KgY9HgcGxXwuSpuFRa1JuWWgik7Ken4mY,2.000000
107,v8d1eMkeiFd2ZbC7htffYLKqsTnm6T39Eh,693.000000
108,LrqauL2QynSeJeRndXD5NYdYd8asUmGF6y,8968.016000
109,3MQ2XtCgNr8mvkSEMwpkFNvX3QxpiyAQyH,1000.000000
110,6PxJUUfxZCGhMNueFCsPhGeCNHyXmCmPsd,3000000.000000
111,298hNnWSi6MGLWwv95cHotMNE5XuZeTd7WK,2010.000000
112,2HkUybE1rnGqHfwPMKwrnqTEKDSHfraiyNE,7000.000000
113,BAQYHQSnS4EwMPDkYSkRovdUjCQs9C1zkB,59000.000000
114,gL6j4StBtwYkgeaR5A16JJPM6Apb7K7Xxv,125.000000
115,CRjdXLQb4CFbXxcEw2ER42Z95EJamjHkeB,3000000.000000
116,Hv7LCehtCBkdSiPydZW6vmtSyJreYJV8bM,100000.000000
117,rCaGicWpRSWsoAA7zkF84pNgLgEKiwfwHu,2000.000000
118,5EyZCruu5JCuhVDbPgnWQA4LdL48e3pzNJ,3296.680000
119,2Rz95GU4NgreHBTYXiDw8FinAesgXQjRW7J,5000.000000
120,8YrHpSZpRWYqqzA84NPB5aeK2XzCpvKPNj,300.699000
121,2CMcrPc5q8gTWevJZFt5tccVc7Dt2sHybMx,31.000000
122,jt2u7eDmYkKU4HjTGq7QspbLxqy26Sxtkk,1000.000000
123,dJY99mP9YWJXfD1UWhuUL2FJqVYhjxEwep,2000.000000
124,2BR9QGdm5hMxRkr4C5M21DXjWvxB26WjHeX,3000000.000000
125,hqw6fE7QwfTD2zp7xHAgyvfyLihf366J8w,500.000000
126,UfDVpRF7N5rptUMAwYrRHDXR82CBsv788e,2104.000000
127,2C4iffW1dxCyvNb3TeGRDiRMmWKnKNm3vb9,2000.000000
128,JwSCHiY37KdAtqbh6JPFRm6Tq6YqEpY6XA,2000.000000
129,ByXPTJYxUPyZvF1MW23PFM3opoQDLcXqP5,824.174000
130,2F3cbdN2tf1nKS6h5nfzUeMnoj7uRkjLy8e,3000000.000000
131,2FB4cTBHatHcKGkvm8Vy36V3bj6exxXEDUU,6.000000
132,8Eb9dhfj6aTJf6os4M7zmaH1Gy95fmufUD,3000000.000000
133,XJzNyyDpS9a8Lr8QsuTyPCGAskPQJkt6Pe,399.300000
134,2Ve4PB7skoMyvVZNfnCd5CXkgoocM7i9kHp,3539476.000000
135,Ter2rXvSYVMzAG5eBeGBDQu7k9HFHQUwnT,506.000000
136,khUnLSPBBJ71LeyJfHyFtoRJ6ZjR5R8tzS,500.000000
137,25Q9vL5URmrYSMWnZdo562DRr5ioHrMSwSQ,112.399000
138,2ULu1JWNgtRg9sSS1XBpGcsamXMiHUChTCA,1000.000000
139,2akm1mSEiceYVBfQBssuNwr9UXZy7duHXmE,76.000000
140,z7uQbowfc4EvuyTcmde8kXpeL6MMYkaZZN,993.000000
141,rF7ia4VkFdAEovAxXv9CunsoGWbs6zfosN,7.000000
142,2cb92ggjnjTnUwoDvxm6AWFwgfwboyuHv1P,151.699000
143,3yLwVxfr4WEgMbaRWPawwZBpH4HgtCsL37,500.000000
144,2MKGUeJaz95CZuuLi33Kf4bBdmFUS6SZ1Ye,100.000000
145,xeiaJbnx3anRFvnNHS3hWxruwNspvGPQzj,330.000000
146,2V7geiYL9d415wCr1QqwYrNMFdyW7919im5,267.000000
147,24jgXUtpZ1m2rjDKQgLB4LoP3D4Lq2oQ3f7,8592.098000
148,NEM3XajMbDX7NSU64y9ZrqcwhGpVvXshow,1136.399000
149,63CaEKGfmQsnf4ToK1nEMC4ET2wgiWNdRQ,400000.000000
150,2cr5SpH27SqvY1reG2b7TJBr3imFmXoAUkr,500.000000
151,Dn3N584PVPLer9e9BhGJpm5AR2K9Zt1baM,112.000000
152,24EVxraTUmYNPCz7EWNbj4gaTExwh1WmgAH,7.000000
153,2MCcfvgRZbPHxNxdor5rvDsWqzsxdLXW9xX,2000.000000
154,QvPS6gCKgzAA6Sxhk8fJJHG2TCbboRaGr,304.266000
155,pj7BHh2CnLVsvwZATS6EZnGhAhkDncSkRx,2000.000000
156,d3sBETfV6sa7RmYGtjRB7UXzBtPKbkeRDZ,1605.293000
157,2Vs1ruMiw3WWiWWurViRiDoYDhAzcq2kB3L,45.000000
158,HhimddUdRpnN4fQzME9UEzjYwr7vLoBU6F,76.000000
159,2iVtHS5ye99Km5PonsB42No3pQRGEURmxyc,1.001000
160,hYasx9feeAssM3CtkfNaa2tjkHihpFUP1B,1000.000000
161,2gXneuNGset4yMHAEug42usUvys77GZ53H,6.000000
162,2VS6fNSNVX5oxoPyoU8daPaRdTPjV7d4J26,100.000000
163,2mBi5RnmwERr66MJHoV4A9UA47GgLE3ud5Q,5.000000
164,6yBHpJmQg6UpqZdPdMdZXDemXJ8fC53NrM,29.000000
165,SNothYDNQUhtuNM4pcVEQwPVrEFgGFdAjJ,1000.000000
166,3vmfjzsuLSxmsEN9M4D4t4D8hU5jNSDksi,2280.877000
167,zhixmLqy3fYcRUAMZZZuABtwVnxwfXriV3,3000000.000000
168,2hYhd31mzdpNyptqRCKmTNn5wiLKsoRqgTn,413.000000
169,2j7Fn55qtJXtR9Pq3kn8wRAwHkjSoCPLJdV,1000.000000
170,J7jiEpivhouSw19px9HLAhmJBcAt2xoEnL,738.000000
171,kiRFtJ6PQcxGD6RHjuSpdKqZbozSV9Horn,1.000000
172,8zoPs7P6axBsjWC6QQrU7k67EFUf22rawg,53.000000
173,fBd5DkpcUSj48KH3WcZwZL4Q8ArbkkYdgQ,9.000000
174,yjijaPFaghDaKmvkwgJPEMZwzbrVDPpzdV,1518.189000
175,ZRkTWTXeZRm7cg1PXNf1cX5Vyzdo41eN6a,1857.000000
176,2G8a1gCXHimkfzfsyQC2tGdUuhEswVX5wnr,695.000000
177,2aSEFbymnxERLFvW5VRxwmn1NXdqAcAN3S3,150000.000000
178,xxAz5uhC5pdhDxRaG2XYpnNTtorcTxYm2D,1000.000000
179,UCZuR3dh5JWynkxfGycWV5YmySyrvh7RKP,3331.000000
180,ruKpSMdayPGyFtYG9EH2QTpcrmTvF4EjAV,3000000.000000
181,XSYzkEBcyL6xmFHYJQc8NLizqgYJNkQAif,5556.000000
182,kfzfkb7TBQLGaBSN4ssjyfMNfscYjdYcy5,3000000.000000
183,2YhrGpKUWXfHrtW6c9FKVKqYrxVHVBXGind,3000000.000000
184,2BVQ8w92E5PuVZhor9L2grP7pFpW6Hr9bnb,13890.999000
185,28VPYESkMnFdeFfs15qjxbmu8rjSatC345z,145834.000000
186,2BE2nwHGR6LR8961iCB8h9MHDNE6dbADfVc,429.801000
187,23ciBikpMvoLmhUPNfSztLW9ocCaUuekF5b,1.000000
188,CYZSK8yV4Epr7Qi81gZyXmpeh1sh5qXCC6,108.000000
189,G7i57nSuFoU1oCVAZrEDXAFqnX8nEbn4RP,21.000000
190,M2ErgpgAUQdLk3jErjhBHNQ6E8GX3gQS71,301.697000
191,5wqghzvsotK7DU4m5UM9xmeP4rUrQqod4e,26.869000
192,2HizLGEPzx4LHrs3upKgV3QLTEp2BeikLj8,654.538000
193,pL3AztqtMVR9H8cuxiPsGT4KSEHLSjqLER,125.000000
194,2ZFwcsknbmU9dVS7LATPN4BkP37DwPbY3z,108.000000
195,ZRTgJK5A8XecawjrLNbmWi58VXi7zTXRfB,4.799000
196,2JfDtAhGcidjUtX8U243Q3QQUPP6ZhkmE36,586.989000
197,47H8bUgcHmbVGbXzwwJFKja4qFfbJNp2oi,65.000000
198,5weUJHUEWEQM5ezvwMfjezUWfqZqdCBAEL,491.000000
199,VyrT7yvTuRxrXaHvD25Zc2pk6HP754cCRo,500.000000
200,RWD9NgrtXrSBewdFbeiK9SdfAGUne7JSU6,33143.000000
201,2dABJMpVpERBvSBMCiCqcVCVsL97b6gcnsH,2000.000000
202,2UTWWGTJuRhzG95yYF7cCYd5aG35FRDdAM4,3300.946000
203,8Qm8tuumwwx3SUcPJ93fZZMWfxozCqcirA,1.000000
204,2UMejYT8uoF4P27N4BhRYAtmp8Y57rQNqUG,3052.000000
205,2B9JPP5HF9mdTrMk6xvGY5DYvyXc7mo693P,37.000000
206,2AbfxQh4ZsNuCNq25P2bjrYRzcyxzfarVjk,45.000000
207,AhRqvi6dLsrVmfADwSaDNYsrXXUXxR4US5,3455.820000
208,PSmJTCpBNbnXFTwYTcnGqwmwZj3mAmFnTc,7.000000
209,231yNrgdm5MgEULvf27MM1enYKrmpNEca9C,227.000000
210,EWRgJGDsEJ9nYLkUoYGjbPnY67Fkvxn84g,2.333000
211,2GogvVtTaWZYh4tb11hqxUbCXgBBHiq9T84,22.000000
212,7v4VRy6cf6KQXmmcqh8TVJaikqaSZ26uvv,2000.000000
213,2dkr7vyRun68FabfrTRRnRngvHTDHpY3fw6,10000.000000
214,2gcBBXuPGuYDukYmiyWBqdGzqDJNYMYB5Ey,1.000000
215,NCpnHjMN9ta94SzJLZoFqCq9jpNqsHmeRh,3000000.000000
216,tXpz6rDuSRK8ZtvroiahrZJmUjZst9A91R,3693.000000
217,2bkvpQLYuw9412Vw5A4BZuKZmshdvuaPnwo,1.000000
218,W2rt2Mfyerxb9geaPoSkyD1fMmUvUJ59dU,10913.000000
219,2bkkkNALdPeQentupv8K9VwxKuvT5JGbJP3,2988.000000
220,2BPhqzEUSNMS9VW6UtBDcJuZd645CM1PmtD,57.000000
221,2Pctmsu2nj4MBsHRMqvVrBpDqQthivUKSED,486.812000
222,FHSNXvfFgWv7LRRKXRq12X8gZgZEQfgsmm,190.000000
223,2RvShZUkbhDYAwUhXvc1qH7izrJL44Jk6Y,361.000000
224,27oujAfniETnpUF17ASJq3smKBayDPLtnx4,1985.000000
225,WDvCixFTM2g8jM9daL1pkrLuZUf9NVSH6d,1.000000
226,2HkAt5XBdxauVSViyV14Z1MvssrpFPcpFTx,579.519000
227,2joTyg9EnusXoDcM8dtfU2yvePcUHpgyu15,19048.000000
228,dfbhpJgiD88pE3BDW4hW7wayBXQjxA1W5k,300.699000
229,LXMETu7VS6Kb8BhxzKMHYETRxQfpLhLotN,1000.000000
230,WqbxfLj5gYiXvAAwYhFHGvd5WyKHv8k9So,20000.000000
231,2dAkAiDAuHW1mALU8b26NcnFLiyVsUyaeQn,370.815000
232,gfNaxPnWGc3z9eC6T2nvSB2qxEPPesGkv3,729.169000
233,2iYZtcNkHTnBhtAhCUfmEHFfsZVexj4f7Qg,95000.000000
234,2J9HAgRqjZBufvFBrt6vmCzNBDb3JwzcTiT,1.000000
235,3UhYu29htAXNcHjBxsJcpt7N5JcZRAzaom,40.000000
236,2N5yLPJTzjerVJLMCKb7j9jp6zqy7XBGUC,26360.000000
237,DiRMEKEnVnzrvRuMTnZrG11mxBVsdUYQXB,5000.000000
238,59KbRi3EpWehuAp1dAoqWq1xqQmmAeqvDZ,66889.000000
239,2NiaZjyb8TyFbAKa2vWepL9qjd7mZrS8iPA,1000.000000
240,2WhBj7YxeNoncP83KwRKaJZu1oUH3kXX6b7,7.000000
241,FfsRWPhMRoSMmRFcmMb1knQiAC8RZDRNnA,3000000.000000
242,ugABBH6Lg2Adc82VcWHRMaHyBcDUuC3gM3,1000.000000
243,vMcbA5kptbfeHFFZ9Qgnjc2Sr2yXbmvJvm,300.000000
244,EvTrY8zmcn7uE8TCzoBr2oY9KgBr2ZJ5TQ,27.000000
245,9EUursnyFc4fyivz5SkGfKTFTdnKY7Kaeo,500.000000
246,vWbsLjCp1jyXhcpE7rHnV1cigxA15VAgMR,2.000000
247,boVXZaPsZ93Qm4QHzHrdqNTbcsDEmFHS2q,690.000000
248,WHsjV8UNf1ZMBCyaqL9gUuEh4ps3BD3Lz7,2000.000000
249,2E5NPg6HGgwKwwcwMLraCyhasDASUfFscBc,117.000000
250,tSwJVaBzGG1MG3jMtRik6kyumLUbSTV18N,555.000000
251,sZmFcgGnBgahYo3VE4q2khxs1X4yjPT8WV,20000.000000
252,2F5af77WAv79YycNfjJyNGzAqEbjfLWbXEU,1000.000000
253,W6UhJGkRid8pQ6j86QSGmpULKNMAoMHPbt,16.000000
254,2UZsufCFj8njZjXEXUiqeLSf2W5TYc8EfF5,2000000.000000
255,eMYndkwrWBFRhQRmHoafQfH5VXG9s6rcgT,10.000000
256,jTUbGE4s63dKd7hVmkHebVEjM3VZMAfzVk,100.000000
257,zSSixwze9dtqKzmje82SqdqaZP8XSJxsvE,1.140000
258,Sr4vjisyBrgWKTGV1oGUBpwk2Tn34RNgfE,100.000000
259,2M6g3vfDr9BHuoSvSq8CXnjjRWjcZTT7gB1,3122.207000
260,EdHpiBhAU7ZJ6iZMMuyGYtNdKqZnPMXEsV,98.000000
261,2KPduDKyUUHMxAQXZ182n935KBcsa7XqN7x,36.000000
262,22MXUaGq6V5dE4fmmb8dcuRryCM57wknhts,100707.000000
263,JxWdJKxdNytCGsoWzoS76D6GxRqEs9URtx,171.000000
264,tNAXYYHhT6GXxXwbeQuwmFptM2f6BZjrv5,500.000000
265,2h513P15baRiZv2bjkHFbcotCMM45T8c5g,14783.065000
266,YTGQF1VDghNQTaEcMsbsSKP18aTK6JuAmG,14055.000000
267,RB24TEBF4DMqRHZpUeSRWxAEiDz1TsLoYG,100.000000
268,L51BH5EPD4JTyQKcZpxT2kHPJ1nKku2Jwx,1500.000000
269,Cs5bp95EnfGVWVaiZDhMJyCR1jFqmRMoBT,454.045000
270,hqnEJfXUBQSuhLpkhjk39W9JXc75T4ruLM,2000.000000
271,hATyfDyjgMdwHNLUitYMupD7ajphhcEAiZ,30.000000
272,LMRbNmsP8YZpUC8Zr967u4LeKTiTisBapr,1509.000000
273,Ks69WJFgWxUZA3sZR4WYptRcubY6ffShvN,208.358000
274,Rx7BR2A5GWZ5YUvRJEetenQPqCoZeA39BE,450.000000
275,2gmmJ18gBS3w3Ay5QYEEPaxEvXcJF17BCMC,400000.000000
276,q6CWm9MFdBBBgXuKmgmqnzupGPZCDhanif,4.000000
277,x1Ai1TGKfv9cyDvaaisTQu6Ksj88cJtWJJ,41.000000
278,vo4ycGSvYDM1dcLoBpf9VgneZwCFKZPjKT,1532.097000
279,2j2FYhHS8Qox22mxrCBiNzPG8715XQyoYDL,100.000000
280,WA87Cb3XPFVF3Ubt4YN5QKkkDvP37E4nXL,315.684000
281,2SkL6cwJFLQroqT2uVQVKF2B637v1e8Y6N3,1.000000
282,peospjHNKUgtb6nDci4vscixQ18DdqwsXK,34.000000
283,2fnnPPUXPhTi9CjWhyCuzE4PpKvYC6Hhkx6,1055.000000
284,RcRWcXRiPC2RKgfBSCR48HqvrWkeWgbjE5,1192.604000
285,2G1S2RdYgAuKhkU4BinGY1q35WtgDkRcXgF,10000.000000
286,ZZuvvHKtD2u9uE7jT36U6TDJ1H4xaiycK3,2000.000000
287,2Rep4VAh2k3acdJm2BhPza5nFHQJLz5Etrz,2.000000
288,cADWTWzf7uPTArmo1UMw6JUxDd21QEkcc3,50.000000
289,2PXbJDNCKbg5VJZ6Y8HCgSPRNx9Yhr6awsE,500.000000
290,vfUGd7iXZKZo6q7nxyXmvMxaZXSSdixG5y,1000.000000
291,2E5XnY2rEZHhAfuVzEh5LNuJ7oXsMfk9MtM,500.000000
292,oR8g3u96DcLP1NbeY4tfk465Xq2fCaTNqU,1000.000000
293,y3uSUJ9PiyktwGjdSb6y89zRkWDvji2v2Y,9.000000
294,ymh1aHvWjJbo4LyYmSf2vc3PWDJMh1iViF,9.000000
295,28tqrqybPWxNAoWnTeXiUP1uvDT4Eo7Bqtj,531.391000
296,2cGocR1xZZDXdR7bYUiCgPWp3RJYkoCHNn5,318.680000
297,vKUauSsM2xgx6NiUBNNKPXocvAK7LzuoCE,2000.000000
298,2GJMH2CBiu8wkb5MCS2mJPk4jGg2kFFF8TT,22.000000
299,g7UMAWT7g6YuZCBsYbDxPYaU97DwM4pCS9,500.000000
300,MdDzJg7RGqffo87XpmEVvFGPHAnpr9YmeS,3000000.000000
301,WJYqbaJnHDkdjMJttEDL7g8cxi2guvXn1f,450.000000
302,21TaWiWTCZBnC5Mhr8FFGkcg37jdjS12GPc,3000000.000000
303,FpQQfuw85LjWgESJK43BAk9VTvh1LvTaXm,76.000000
304,JwK8U4ksc64WrziGCR2AUJG4H35nAUZBZx,120.000000
305,2DzgN92QtaNYwSbhdfp2UcF1HCXahPPCVbU,81.698000
306,MzKAqbxJs7Vtq98gswxVdkJUd2FTwXtxkB,300.699000
307,2Y8ZVKveUWHLTyBiAH6rR2aY9bpommf2APT,6.000000
308,DPRzTBSpb2ryggXcC3Fi2pVRS1G7UYpKeT,56.000000
309,5CQwyEeim33askGx85j3r83ukC6wn7uHLF,20.000000
310,VGsXFD9LaLqnh1eGGNiiuu9Zs8M5wexX67,41627.000000
311,ubjW61yiwtWwiJrtYB8T2XTtkvVpZFigqX,1.000000
312,25Nh2576kebPaH2Xtp7HGxure7Dst8hwowE,187.000000
313,HPGt7oEyTwSZnmsfMDpML8hiui88tLXfPk,76.000000
314,stTJWZs4W38Y4qE6uyoLk8VA9sJ7TbUqHM,111.000000
315,2Sa9VV82oRsQFXy8orouRjpHGrNh8Bkv9Ef,99.000000
316,hqwfN6PckHEnDc215ZsRQVx4cmDqGeHc3z,127.000000
317,2eebuZL4mLcFvXfzfhFNLUtdoqcjpnwRGep,41627.000000
318,XXymQaoH972JhnMTc7ZwXMofff8ZrKyKUZ,90.000000
319,YH4oyCftwy38vW5fot6xot3NVsA3a2nf2K,34680.000000
320,GUR15u8KBLFcUmhFr1ffi3tRdZzi9BWpKr,2288.000000
321,dGKbwSwfeSWFdTK9iyczTpq8ryLPGTT9Na,1000.000000
322,Um6TDjiCADJvWkwx6HJbWp3y4gbysETZwx,1500.000000
323,yyf4A9i6cSCpiMf5bfvk4TrsvvjRuUj7dM,3592.403000
324,2Dspnm7nyGZhtTB5z8imUoQGfgo1SS6EwpC,464251.000000
325,c1UCD6H84o5q3s7fwMv6B1S5cJDUvGnq2y,500.000000
326,fo5eJQddMh7uHbCUQswFFPDBfMeS7akf1E,2520.000000
327,ZpRN8xTpcjVhZf7orn8ZhSKmU9paVw4Fbe,695.000000
328,n8L4tf1tq5k44kiKK9PuizUmGqNUGApxGo,1000.000000
329,2Aan2sVsix1sfkhipuEz75Aw97Bjuhg4tZu,199.969000
330,zsk2c57xZjgku412ZWSgCZvtvaC56GFFpQ,1000.000000
331,ZWG7bYaguoLNRxXJQXZT7htsQkhCBNepM4,1000.000000
332,X8ScH8Nme12sYZKDV8QiKyK4N4vJnFHtup,2000.000000
333,dtEeRybvCVVLeXqbmi4tzzzD5AMYFeeH9A,3000000.000000
334,2JSMNznEXizPJ9nBMobcc6PF77P78wHwAZj,913.000000
335,2AWkRkAgbyUis5VCJkxhDsqC1B5JmWYafsX,281.000000
336,vCyGQicT43kh12jgquYSS6eLh4pghi2DdU,16800.000000
337,WaNNVqqVRWvJ4mpU31WCPTw1N4SW7pzqcr,1916.697000
338,soueY9CNvyTk3me5VMHHQXMsdTKXGFy17X,2979.958000
339,2LbTt9n8dxFKEkvEBcoK1baGCiGRh1iY5KL,1000.000000
340,qoY5fsrD6trRXCasqc7m5toRJ2xDgMXpU6,37.649000
341,2VM1mqKrzbNFsJbrZzqaPgUvVx497LZowfQ,2.000000
342,2VGKLWUp3V3k7woBZ9tTK7Ccgdj5mgucQwD,2000.000000
343,qDB2eLMWNdgURgADRns4oEAyy6h4zkEoht,1000.000000
344,2R3nmQZq58DPFwzVtXsZw23x5Ch5Aive1ND,1260.583000
345,28Zfae4NMLmpRwTtA1cG8K9amcrnxNazWWQ,1.000000
346,oat7KvUU84oP7zh5ecSC9k6WLUPJemzYvk,2.000000
347,2kAhUaxqiSkYxKtU4qerVheWmthneWGqN7X,999.000000
348,Yhw4fcTnaTTLYuZhwoomw8kUfjFmq95CCD,274.000000
349,2DkdPxy63J21KC9XjYWSsVjXAB6qfwzRPwu,8333.000000
350,KZwhke7EzV3uLjeEAQzPdh7fBnm4bXvipW,1753.244000
351,vfzZLnKfGctcWGokQeWK9SkpMiyeZ7dzA1,2.000000
352,Yx7kytXHss2ZUeh1A1cnhtuPJw6rotPrDZ,7500.000000
353,21Dz7RGFM1apZy6yn9DhuTPKkxv7qzcknKg,10.000000
354,2DsBbp5JC716wnWu9YXYfr7rvAygUgv6Vww,200.000000
355,wRkx58QGhR2RskfQvdWUKGnjsjvTEd6L3v,601.398000
356,29CGegsM9G2p2sfffkoq3guwrzq1ofkug5m,1.000000
357,XS2m8U4eMpqHATnMk4qJ73pscQBJyYtdX6,6.000000
358,ycaVyUeRjruzAe4UqXmGQWUrkZCxqF91sd,1611.000000
359,W2PAE6mpdeS99Rn3B2nGtrtJriR2LMeUxC,340.000000
360,BHcyGUyj4Sh4GQCU7QPeTZ42sn2eLaTMN7,6700.000000
361,gsdMyrL7KTLDAYRGiM9LhE9FSmGyd3tSC9,2000.000000
362,kkzrpiiLDqGk7eH6SwVdwEq73QkMW9rSPL,1400.000000
363,u8S6cKYGz9kTX1e2AEEjztASX6FaPQYKa6,170.000000
364,kybxJvsrKZYQ3ggsovp7rGwTaF2kfoEsnT,1000.000000
365,2LEVLxf31rAdPX1zdY4McuaDqcQ9KEmm37C,1.000000
366,Ygf9i4vvCxMGnyaPuJ2N4mnHR1vuvc2hb2,79.000000
367,M2rd4x5LtmBB9Z5kUtgCMhPHNYAoMTvP36,2.000000
368,2kPyGqC8SyKeNDJpkDqw6DufEcLAzxwW1cC,1.000000
369,3bm3mjCSs8t6Z1pHag3UUfbx4A2RABQXq2,3850.000000
370,2jw9d1MvyjrEQ5d63RU7KiCqU3wHQwsfVJU,1000.000000
371,MDpjZ1ThQkHKSTKsLtwTHoVaGP9mRXK3aS,90.000000
372,f6zovPKCcJdLyy4padXszqzp8CBDjdRZ8C,2790.000000
373,GDjCR8eD53i2oHP88gLqTv38VyGks1osaK,3123.000000
374,2P1en7uYW3dU75wjqzEHMBxRZ4fP1cLfwe5,40.000000
375,2LKa4WgxK1z12NMHgM5ScV7L4FRNFWgrmt6,100000.000000
376,ySPXoKfPz3o7KfEKWd6bRmjUQKrxeyUsUG,235.400000
377,NDdTp8Zh1jybs5WzZScaJX1cFZDSuMscNf,3.000000
378,M8jkzdStpszK8dBYKdNxDGWQbJQqVbve1z,508.000000
379,JFCQYb4JfRqu1JhDn8Ry2nHnaFMHqja1cf,3961.783000
380,bTUbEjoEd9SjK58SRnBqkaFWoNVujUCKH1,1394.000000
381,K1gMPpkwi12C4Z9t9HWQHcmM2douFtHs5s,90.000000
382,2KgYQyBKg96xUufbv1itxC9tqThTDgY9RDx,1.000000
383,2BFxLPEv475ujkzNGnePL2TXLT6d8956p5R,82.000000
384,2dRc4ReZPenAwRRcYYHbFRj23Pg7Q9orQUZ,500.000000
385,UxcQFW5kg2jcLK327ThYYEfpRTYxHcLwp3,1000.000000
386,2UjMumrXD4r9CZKxPdBJwU4VHsVtMDB4Lv3,39900.000000
387,g5hm1KeXFJKsnpm4qfSzHvDchgPJVqxKJ7,152.000000
388,ZNfr1HGZJ48sMAcM1x9Pe39LtpHqcmEtyr,103.000000
389,sEQCctmNNzf12mnLivAfcJH1vBmi21H7t9,4000.000000
390,vpmhMP4ryMhtvEDHpVBSKSUEnD1qy6Rwde,2000.000000
391,KKCZwCynoxorShAvAtHtWa9awgAThhyb9h,9000.000000
392,2RkdssdbQJEYc9V1s67ESaTHKvZivWJkYxi,2000.000000
393,8XHBD3xEsbes3qmgFyNBSjpj86gB61RpLx,2000.000000
394,2m3hnNFijiKyng8c1aB2MNjYvMDR9kAtkEi,2000.000000
395,23eQfaRdZAWvJDdtPCbymrCPi294AJquZA8,8455.187000
396,2XB9uERVEouUXnJ8gqFYS44nPGvs5MXwMkb,36.111000
397,2EX2AXUrkcb31HZsMDuosFZpbBo9hmTdrZP,3320.000000
398,2FowECVLy1A3gmA9UBGV5kn46KriVjCTnkC,1000.000000
399,gPYw4EFgHjLhMCQ2aBFXenQi59vvLB8RrR,76.000000
400,2VXkvvmM5uiDQDEwitWHa4GYzsS37YswwQD,1706.000000
401,PFhdNWdk49XRjpqSL7qoNXeqfFaj1mn1CR,80000.000000
402,VTogBnoxwknQqcMWTyGyBW73guVBEnp6qR,497.000000
403,FeFYdijXRsDFW8SsLymPorXEhGwRG4faY8,40.000000
404,44imosU1Z1wWFogNqhJ5BUCSzdqvJxvwZd,1000.000000
405,2WpGqQkTGJbtyVAwZBahzhdEyyPnCxwmTq5,300.000000
406,XuyBzpsBEngVCDzN4MR4jYBST2uh5RCED7,116.000000
407,2gNM5WsZ3SgvjJtSJEFfF192Ku9cknwtSjY,5994.001000
408,NEevy23SPiPAcbWD5XjhvRVh5aFfJ5Jthv,1001.000000
409,Dnsmrt8PcecpTr6nL8aA4ojmTu48ASU29b,1800000.000000
410,26WVAA4FnBg1GwiKkqYAWR2S1ZjwoVP4nre,1000.000000
411,eeJDUt4oF2DLaj5pDe7YUhexcHmNrASknJ,368.000000
412,23sx44YKeHBWQJjswxAMjZCbwZmX9iTKvLW,1372.000000
413,zfnkoN9njhVFmiapZJff9riRmtiQReLwDw,30930.000000
414,QX7fu97MaV5jnpzwdxV93JDT42XZDPXdUE,2367.601000
415,9KbgzQ641ENysrd72iH6YCthZZGk79GweJ,200.000000
416,czkoPdpK9s8WJCtNqpWwdC2QPBLbniQ8Rb,52030.000000
417,2HzvsMgGU7Pg3pkg13AFAmt93cw2gEWiPc8,3000000.000000
418,2W6RATAjp5vuHTJtesQsL5E9Ad5EzpittkJ,314.685000
419,Xfd7zfayy8zsiBVygVk4uTuwBmmxz12qzZ,542.835000
420,2Z4hBPF59tNikFf2t3VBdMb7xwhc3aR6mgE,500.000000
421,2gCuPEcZGtWemyYRtAn3XC1farfJJHR55vN,302.700000
422,wt9n3vXgUxWGUNJGECxRSAZJ8MMkV7J39V,89286.000000
423,SB1h4La3ETSmZBJrUTjDab9fK7koJ9gzCp,6738.000000
424,ijL1aP1f1h4uEdp4VYAK6xdE5znduHMVY8,100076.000000
425,EtNKuCeca61htJigtYuove3Yb6H2Scpitk,3000000.000000
426,s7CgbR54d341Fu6WcauEUyW4UqaYJgLpEh,500.000000
427,TSK4rwFADWEhdctFdF5Mv3Y7mMBDNRa5Ke,17006.000000
428,2kNbYh2tAuTE1xxD6rB41HNoQQsv7Wxmyqm,1000.000000
429,j97VrouaMZvMPsvuazk5NSELuaeqYKnuxc,50.000000
430,TFetcehi3kU7B49agKDU5sHmL6aaGcUyC6,1000.000000
431,rnVmKMKPiNTVcB91hukrJRw6TTk6eS6ppP,13330.000000
432,bvk2y63u71LDdJs9LF71qQaaSCg1NXZ64C,8.000000
433,ZCr9ZuVYrBtDahu6ndm7gnV2Y2dgTznhy9,8.000000
434,uZrkBiWHcLvNsuB53CSJJhVjFjdbaaVf7r,27.778000
435,28BpkFQYt7DVmBcuPXmRdehfhF89wQtk5aX,10000.000000
436,iAodX6aS6WjrxAuRLQB5GGKySVEteegi5a,2000.000000
437,nh2NjEc8qDAi9orXhn2oLnxHq5TtK1HmWL,2412.599000
438,iRt9wumP1Ysff3AVyRVbad4yikAcaBs9oG,15714.000000
439,heXAnt82p45184xoLo29M1ZuziW3RwPLjq,600.000000
440,22oySh75yDv9vtBYHqgfYydEV8atTBwAnpp,3000000.000000
441,L2GQ7Lc2JoRwEFpoXNrzo9C6UkSz3XMzDj,75.000000
442,2caj2cEoCcksfXwVPXaN9MX3wBeyed67Knx,500.000000
443,2d3qBMrC2niKrpiY7gyG12YdtxBRBN2myMR,1579.000000
444,VUwwia8tXaRDCLNu1uAzSVY2CDHDZC17Es,1.000000
445,2LfmBFMFAsNf2ZDyNEwoH8RWNHmxSbQvqSb,3000000.000000
446,awwjyMgz4snwgx66NhaCtE86dyGoaJJGEP,500.000000
447,2HqMwCK82DapobQasufmzgCRwEafeu9ezcQ,23.000000
448,28VCa7RR2iofZBMhCCBnauYuhvh64jnfBDS,71.000000
449,LGcndJqKKAeFx3BU5tE4k8yMgYuFqmvKRr,67.000000
450,Le4LP6tP8hf39mbrvBtRwxWE2hovqGgjhU,2500.000000
451,2CFZQuB2qv1YnJzaDECv2BmdMZULwL8voXQ,122.000000
452,HX3FEf84uorFVuofX9UqL2PqSPGGg4biz6,171.500000
453,3pP7h2nm9sKnVvLH4G58Y5kEqHMBFFGZWE,122.000000
454,iGhUDorrF6sp3D1YeyoRpCXxWh4pLtnCdt,4.000000
455,2LHpRG7s448bSCX87BN9YFwwG7Aounym8Pw,1644.055000
456,vnkYqWdo5gfvnNofXKQGSNDMKyrMSqfAZq,1503.000000
457,25TcVTkNcpoCbTkjF5FWuWqPcqPWNgS8wuV,2001.593000
458,2kFUCGyJFZ2wA7BTzeprKLgGYKLkUtV9z9w,158.110000
459,2CZWBjmsYTErENEUk7yG8B83qm5Xpfq7m2s,4790.000000
460,vxKipDDfUsM12xko8c7Cq2EM1oRin9Vtqr,1985.000000
461,262RAZxSvAtY2485F2yCufimTpiYLQkFt39,8496.299000
462,4NV3hwFM2n2XAq8KA8aPbNysm4k6j7YMpP,2000.000000
463,2EayWeb47THVRf4PxBHX2xaSHLDqUZiS6SH,1000.000000
464,2J1gyHGFCsx5Pe6QDcDRjtnxgfuPfYDNPBL,15086.000000
465,WzminLWS1LUTAzT7qghx2DYrmH8Hfn13Go,1000.000000
466,2UuB3ry5WyaaxiELWGuEJbTCrEGW57SC6X8,289.000000
467,P5giM3znNQFzx8xAkBe25SXvcTACi4vAw7,10120.000000
468,kA6Nu9rBZE8VnsCPPxgkyuHYH856eAV52a,1000.000000
469,CEgxnswuAhfsepiNxu1zZnNsqx3PVnPvw6,4.000000
470,2QqGPjLn2XyL3N8qCEV2BCE5nwtutLfENvH,1000.000000
471,26AnSSrELF8Xe8kY9qkupTHxEVNoj41gobQ,4.000000
472,VyfxgdimgzwVcHCco6ma5RAHonxUoWPvFv,128.717000
473,25Dvmd5uBvmZNsTRVDEBsQ6JRVpqqe7gDNe,3000000.000000
474,2BKLeDQvvS53h4R8uUezgKCWxCJM3k1zad6,11.000000
475,evR34ciGWSvbgwMqsh92cgdpqgKFcLq7hx,9820.000000
476,zXQni9TqaRbBQyNqYusMvYZwJ8JT991mpa,1000.000000
477,2bh9Wb5w5v4Wmbz6m8RyoEfQJ5K6PjgbdkH,9000.000000
478,2Zj9hyeyPbHRHEJu8fZCLYwibnKnjLVVtoi,255.000000
479,4KpeDTPqqqbZA1KXV4Deb4VYsfYgGiTMUD,33133.971000
480,2Xay2CH2usdPYRDwoqQusMPxDEAuS76aAm2,3000000.000000
481,29foS9LxHvExjmeFiaYLQ3GatBmhDCAaYT8,100.000000
482,2KigvddRK6NnGhVr2mcuxtLK7DJrTD39mvP,1874.000000
483,kERYaXEzfMwXnYfQS5WyJ88sPUp8LhHia4,340.000000
484,B9Whv9d9TGYC7AHi9QJnANa1f2dY3Jny1r,3000000.000000
485,oQS2cR4tof3g4jYPL4hRrJBdB6CRsPadig,1000.000000
486,2ETfTarmZySwVfsdK1YsXtzD8mYEkYY5Bvf,7.000000
487,22YvoY9onRpw2VYY73nX5C4LcTgnSgy3cz8,2497.398000
488,4RHddByymkc7ZK5TGktcnLE6RD8rrUAvzh,63.000000
489,27vBeUQyK4QDuj1VuFR4JXdoxjC6RfVrTf9,4999.000000
490,BSrFuQmHjLwGiZTQ8fWZvp6WWdvP5BUpiD,2000.000000
491,xNCi1m8d2gdoqkBfPRa2KBc5kTHvNDwa8w,2000.000000
492,2DYjACFBW23PpJiNk39BUWTx2u2asKEi4cv,1413.000000
493,2NBbKUfXzqC3U6kRa62LCWJek8PeG2zWh1z,500.000000
494,GZADnTrTepnP64FgJJo82EAYM91cqqMg3Q,470.000000
495,2eJckLMsF6Wvq5CX4yoT1wCtuFEx9m5nkSE,103.000000
496,gF7ixALZmJ4yvLPzhbSZg8NSRSaw3s1E46,899.000000
497,sAarLd56auFFiVsCqjkrEY9Uw6LgXQ9rRp,1338.593000
498,sG4CnZ3brWZ75ojL4tmPTXT4RWwJqfA6gQ,2000.000000
499,2FWrZWaA38aHHHJEe6KbV1nrfg7owt5FwBd,2044.952000
500,wJAyANgFoUUEfiJRfF8WWZpJyyToGqyZtd,286.000000
501,VR2HSpkSDrnSWAkkLPN3dFvY6Y4ToJjQeo,1334.503000
502,2g3YPU6p3Cv2vyzzPc4F9TLfqAGDN1i11jB,78.000000
503,2TG9P3W8tnup7VXvL5mQEcGMdapwEBEkjNC,29.800000
504,2UJdAwYB3uL6rc3H2XXFMX7u1zqqP47YLPa,2000.000000
505,2kd4h6U1E6nNun3u3poReUeuujtRed4hGYF,7090.510000
506,tbhHsf1sZG7BCwVMSZaWYwTTtcJ8qaoRyE,8021.970000
507,rSRGTSVdCmX4checWSefxwvSRSMXuGqzVh,1000.000000
508,2jiTpNssha3VXD5Joa6BG2nCWf7EYeY8TmN,1.000000
509,VWB8jgzwx7RPwr66ZC6XDmD8RtLArwCACV,1000.000000
510,2XWJt3Jxz4LF89XETDDwQufuKig4S479udA,2.000000
511,C6KMUYHPCscnxT4HEVvZecGwpjkuaDna7L,2370.000000
512,gKkcfRFSgEqpzF4urwWaeUfETZZmqb4mjU,199.000000
513,io6WnwHfFwjbJ8rk41zU5jwTuVoHSeAGsi,103.000000
514,2ceiFAce8qiFo4f6Lnwo7C3UKSUbgmxULPJ,3700000.000000
515,Ljb5GUZJ2jhqpoBd3iaPDK9knVyEB5yyZT,165.000000
516,2m6PiUioXSQKAQCqVj7T5fzrVMAi5DX8tU5,3000000.000000
517,dWXt2pgWFZ2j1UfuVKQVYX287Z2UmbVgAr,500.000000
518,ZF9k8J9ewoMdBqwQQUZw88GF7TL1hzzHpm,19.000000
519,Hr5eMRXWU4nEdiTzcfTFCc2wvvUs1WtVVB,82.000000
520,2NmgjyGht8VsBc7RB3C324etL7FHjgUMynK,66.000000
521,2bGfQAbo2Q5JDxe5xsko5VUhVknoQdsiG7Y,809.889000
522,k6fE58png1Tuw9Z7XBcyKR1rXbYYPPvkoV,757.000000
523,22a2p3A2tMgARut9J6n8BF7uSbCmwt5bSym,130.000000
524,Zsxcw67iRgforzGwf5CL2C7TwNBLH1LKWR,215.000000
525,dCtFkmHtDXvfvoMzNXFy4mYvKiANDWV3Y7,3.000000
526,2fGEyDWnPBhJLr43EAQy8MoaRJGWxCHiQPU,64.000000
527,7WrMUGEe8LCDFerd6oPwPnNu5RbnmtTNUR,833.000000
528,rbh1UKDw7RQGk5VdoFgz3PaEyAtWmb18tV,300.699000
529,26W8YEScJE13uPetrBitB7BcukcryFEokWH,1000.000000
530,w4MD35w8PTeexgQvbDPMpMf1UhZUVGkdhD,3000000.000000
531,29LYreJuFNaDS6sADCUiCqr8dCnji7ySnC,13473.053000
532,2dnSznc1rT8Vz2MwR7GTgnLT2q2xipuLdCf,397.000000
533,2jWneyxn84PByzXMRTE3hnCJtNxBEYC2ufv,3000000.000000
534,dcjFqZ5JZMnJjLno4mGUS6LvUyi8ckGHyR,1985.000000
535,9jGJwxiAesVxewMcF3p4iFVAhLKCnpLEA3,11125.000000
536,y2t7pAw9jBKWkJ1GWNwHVmdMYVxxSeUgkD,1613.000000
537,2WZS8LsHFFZURo5vrNbkDGZWFC5FP4nZXKi,680.000000
538,12FsJW7rsuxukDs4tMMrGKYmuhaDDAQoQN,26.000000
539,6E8Jqq2ETnjb6STAsgFSMZjZ614xEKigsQ,1000.000000
540,P8t65WuW2GQWCDz8vYTPQ3CAJHhkqX48KE,5.000000
541,2dn1jARx2S5wLtwMfJHH9KHuax27TVgwc6d,77.000000
542,2T5SPWBkHqAYvpuESV5hWRqT31n547yq6MT,17.000000
543,2DYKHug2b52ekqe7Fk3FT3rt5Y72A8vELwk,1128000.000000
544,nDPf4vVDistNW6PJCVeJtYWzRstvDDnoFy,2598.398000
545,pdhWdX47xR4gUtwHwtofbnjyq7fB452XiZ,2.000000
546,eNFQPhpy47QvUMP3eNkXBSkEaDaQc5x86F,1002.857000
547,YjWePMNA58BKqcy8PeYyLSFCz52YVnJPjW,670.469000
548,sdaddPuxFjLRMhq4Eis7ky8P4watVoJLWp,20649.820000
549,2362c8dJmf5611boL7JDVovK5D9eRW9WYZ4,753.245000
550,2QnLhNdh5M7r5tAks3gSwxKgA4PoCVSPjJX,9.000000
551,5pGrfisHKwYdGB6KMfQobQ7QVUUGNKi62p,819.947000
552,2Y1Xda3zgPsYSibBdNBMbJGbkWs3V7iAUs3,2000.000000
553,mzBcWxWEMAWjgq5eJWq1Jo7qpuvTCFCvKR,10000.000000
554,3RBKQeBRwjLULfWEzLFCqyN1JdUDZEYeux,2000.000000
555,ZtkMPVRaSkZR4ohRGkAgL1drrhxojMnLW3,86.920000
556,2FibkeEZLyKxSTyNKLJy4itWx839dnwehPU,2.000000
557,pB8YPQLpw5agXGpPTRMTtLURbVYSQEEGVS,2000.000000
558,24gd2Gw52f7UTQaHyZEMohDLJK784Bg3wuo,2000.000000
559,2FfrTLzg3FGagfme5APRk8CqLpwnnPqr6K2,100.000000
560,TPc3gEyJKHmqCw3UPkZBQsGonYWNajxbDN,249000.000000
561,vKgNJhfr7xRhoN18kdH7mWbDRW2P9EsDUy,7519.636000
562,2AgYKqcGFru1pkFbheNUzWkvKUKjY859AEJ,3000000.000000
563,swgFgbdxGRWWpkjYT5gKkXFpirUEuivjk9,91.000000
564,2UGd5sf3VJ4fXhw3w8SmNkNQpJZ4mtqjTQs,2000.000000
565,2A9fz4WFMjjMWGEvAoRXUUSY4DNppM8pCPJ,600.000000
566,oiyXgURUXPNVUWxU9JL8nm8mkxbFVxSANN,1.000000
567,ouLGMnGNbfyfCPPY7yzq9invXYwVCVQHSb,93.000000
568,giW9AvmytkeVxu8SPa8twnosu3Rk6rY5b6,1372744.000000
569,p2bQXCwzBG5rm1uJJEmZ7tZoLKLAQ4mDhW,76.000000
570,AGEf6MgnqRwcW7rXCr1x65rJnobdNjt5Pn,643.000000
571,2UURF7ZnWbDoyKGsSPaZd4axdL3o9N42yGJ,8.500000
572,NDNHYijyKyCHGADumpptfEkxUAb5rMWGZj,42.000000
573,Nnw5SgEKuUmsHGWBSzashbf5D98AUouXUh,3000000.000000
574,2DkF71pz59igqvU4tPvNT9wzmb1kU4tvZci,3000.000000
575,QDE1wWk2JTAB1QaSuAn1k9T5nB9TWJv1PB,1350.000000
576,Z7tXGqQWNBRwM3u1QxWhoP3BPd2mFxM5cd,6000.000000
577,2MDoRjvJQWujr689Rt7EDky9L6fgEezQJrq,2000.000000
578,2mRZU6gXbsxJJbDNzoH9CiYMzB2KLKUfueJ,318.438000
579,2b6JVVHeQh5DgiSj41E2ybEP8o6pJWJtg1Z,144.000000
580,4aAuPmZ9RmAf6AHuq1Md6H1KoNGHZi22zR,9.000000
581,2izWM2TrUFFypqEBmZGT2EU42dF7t7NGpZL,6.000000
582,28aFGfLVwcBQKegjstfXJeU9wYcGGuysbb8,20.000000
583,kZ8KgT4WEA4JEkupnpZde72fgfnCTNFsao,357143.000000
584,zzjqg4RdZ8qRJnZ8TUcrYz6RheG5zXWZU,2.000000
585,2NRzLKX13LUMVaDBhpsB4LtBaKmHsDqeWGk,19861.747000
586,2ZeXwBAMcy7ESuS9vpDMd4N9EX3FpHJ4WLE,500.000000
587,2DqEga25roj9ZaHdzY7B8uDaNYdEQnXJZjv,2150.000000
588,3k23bDSWGdvG4a854KeWMR3MNE9k7PhD5D,1000.000000
589,DGQ94bwV8WSGJizx4yiyjJCRXLjHsBZ43N,1000.000000
590,2edgZSqngUvJEUkteZdTF5abij5EE89UF7J,11.000000
591,2Scu25gBhjcZ5e5VjcdaSjgzq63AJM5NucB,83254.000000
592,UnQpx9EbCMKJRKaF4G9d7t5BsNUzmdG7HU,15000.000000
593,24owfXXc3StSAmXZVbmBeAQK7TcGKhBrUf7,1009.000000
594,263fMGHgSp1cNCNVLEey5jk3p3pRpg4vphg,2000.000000
595,Fs2cT2VX7iKTvgYqp7FRMAaBexQYkieGb4,2000.000000
596,MYiqHUyKp6cppqpnHcco3U4HG2F1GLUQCz,3820.202000
597,2ZanuGgMDuVSJCXh2vEciQ4ZKR3NQuCARMx,30000.000000
598,2JazSPWvEJFMGdJFxJPgJEyzvHtajNbWTid,22.000000
599,269G6czuBZ6KpH99nfrETgEbu7pF9MhBLhj,16.000000
600,vehezHTMywZBbiCCpAcNxXmfWu1wAXY6Fj,5305.000000
601,2D8pi4452AnNmckbPcjLtUdyb8P4BGvXwkx,7.000000
602,2AaVBhNgqETCf5Y8JgixqRrLhRr5cV5w98R,5.000000
603,2gDopjSmF8QcmNBTv2MxJzyy8n7HU8GMuFi,201.000000
604,XZD1kepDHkpKNT7qWpSob86Qjmopn9oUer,0.700000
605,2csfxWsQAgAsr2ZKGM9qSSDHvzQfq9c9JjE,1000.000000
606,yyKN1K88FgpjUfkJSzuFVQrYTYMMTNHAhJ,125.000000
607,2XruRnFYXiWv7EWt8io1vkFybAH7f4SHfb6,1000.000000
608,2FEQqCrgFeZHuVAo9znxJn3KSJPgXx9uvsf,17.000000
609,2HpNn2BrJqRvddDNJuUzmv2CF4gWXZ7fWGi,2.000000
610,2KXf4QCgz9JPt1vg8wtMhohtajgq3HTbDGL,90000.000000
611,LxezSx6i21vctHu5RCawQSJSCkDguCHmkA,302.734000
612,mxBfFZ92fS7QEe24hyrE8Q9fgq7wWy3tmE,22.000000
613,2WxtcBEygRGyaxGGrNNezBBiAVm1z8H8Hgo,3672.133000
614,Kuagg4CD1aHFNH1zY1M2UToUPBpxhRaKgS,4000.000000
615,2kM7J6QDtCeQjtWWs3q6KkDGQccQU9q3wcc,500.000000
616,eJnCegJpBDgwjprkBj3FAz3Z953s8aFj1x,200.000000
617,2Zq9E4BUw1FFLgGcJc6YVouRXsivWc6orfW,68.642000
618,2Z2gDifD3JRwgayikhCfexB1bcSiUeXH4Yf,4313.083000
619,2ZQZEYAe7Ew3sapFvuMLbdaCLAECCRuMjzU,5168.826000
620,2DVXYXNjznKgt9ya5H7L9j4azV8SeUuDwzG,355500.000000
621,288hwQ23JBHyrPhMpsPA8k76jrq4K2KzsLb,1000.000000
622,2KJuktYSUh49kFVaRNYbmgWFb6BhKgQZ1z4,300.699000
623,2WLAbsxu4WU3pmoDfaVXXPPyuG1jh57aZfy,34196.925000
624,BdBDgkFoZqrDPAYFiuhFkT2tC7FU87zUST,5000.000000
625,azDGUTqSLLGztDJbhpnYyezjRuQqMPAdb3,2000.000000
626,bcxjFeTA9eXY3XDsbvvpVbMZkH2cj6NgBa,2000.000000
627,SusTgMCtDJ2kYiGW1JWntUPvJN9mcuiRv5,2000.000000
628,wQvBkEDoNBDPsCEVBKvgcydEbtrn8wkhJa,50000.000000
629,wYEabwKLNGPfeCqTG5ozTWR319V4Xgwcou,1042.000000
630,9ZEvn6Ku5Nrk5SeDi2GEPsgKjZc8GM2wba,763.000000
631,29iTF6dY2bJCL2RKyPaH7GEx4XxYTwdyLeC,346992.360000
632,2hEYjme62DbGSgFw4YouqAhsosRKhdoyQGa,4.000000
633,WELbCCABEq5vnB4n1KuKU8Lc9CrBDLN2HT,100.000000
634,29PGbL8E9qjjnumDaafMoWHp8dbac9AeA97,3600.000000
635,LHNQFyZXE89NfqLDXW2eu2n6FrBE2kDfQq,2596.000000
636,HKAcADhRSs6UyQyLXeTrMfU6uWLZSTA2Dr,670.000000
637,227ejc7tGNHKJzZHodPU8oSSxJMpbnzK8c4,506.000000
638,BypF319eNE8a5kGMvAHQKq4DwRtmYHg4t4,1000.000000
639,28zLtBnKDcZQN8NqwHNcgC5CC4FAQgCiKWh,14000.000000
640,U4Xr7yFbxaWyUwzqLJf18FwXkiEK3YiqYM,500.000000
641,2EmCQmwrxnJecAhgtc7wo3BEKRxjJABTvjt,40007.500000
642,Faj4M4rH1mYsR1DdRff6hHigPTemguss3H,2000.000000
643,evBxxyr9GYxogaJ3yRjaKzKh6rB9uNkSRG,14.000000
644,8Ui4M5CrAsPT4PUB5S6wj9J3b8v8sNGkSd,1928.000000
645,226ioAojW14J2nhKE3KkYJgTi1WvJGTKsKh,28.000000
646,NHWnq1UaiBa7HFvW9bTnagxnUf2cTYvUf7,2.000000
647,2Syj5mh8fSRc3Yx9aehMVkm8teexKmBPps5,10294.153000
648,2jADq5cZPnE9gNHdbZkUXbREDqXaonHGt1Z,1.000000
649,EKBiDz4ERikA9b3oUG29drnNjUzJkp7EmY,56.000000
650,hKYWbE8cSHBbkfnKGWY8pMEs2A4sEsw4Cb,1000.000000
651,fMh8B7fyeEwMStLDjkStcsTqQkG5o7yuoU,15.000000
652,WnW3cnehTBAsVDZ7nY8sNb2NM6NQabMPpe,3000000.000000
653,2fJNjKWPTH3NTamLL99sj4CFriAt2WnYvfo,601.000000
654,2EATC5ewwFRtr45TapXHcSNuZtfR8cgcFoa,18.000000
655,24St9FvenUK3eAK2aJqKV4j3hCEaiXo7Nag,7.000000
656,SRvTePAFWFvqbct21n7yuSZzj8Gw1SwnY2,30217.000000
657,bNGrmZWa7TaZ446Q5A2NfVdMvefDpknAH8,137.000000
658,2DKekpjsRGuvoJd1ZHN4j9o8MC1UWP3qcq8,1000.000000
659,nTPJTAosE8ZPLBkckRnvGi6SyTJVksVVJ7,7117.742000
660,mUc6giVNQvVaHxfqyNVmDtwgjVmShFfUS,5010.596000
661,knMw1J6xYy4PZQA1Q3KeDvtV8hsh6C7veU,1.000000
662,7AcjJ5gDWVDwYsAwNBP6XYsKQfh5YPYHCJ,747.000000
663,CbT2geTcW4YDW2MEGZDxJWPtdJhBNhCbWS,16571.000000
664,2jKjcX1VGSq67ryWaPDeUj7uTu6MkwLZQck,1000.000000
665,2hDfjWdXWN1js8pDzfkvNX98ewsQdaW2Hn1,2.000000
666,2HC1i5p1KBiarFwJXbiePveppkLy2UNGPNV,29.000000
667,4By5yahHWjWM6rwMWUoUUT4dJDCKKo8be7,23.000000
668,8nztnQ7G74UCfhQyL2iMKnaCieWnN4xSj4,15875.000000
669,28wgjD3GToqaHfZcg111wsgD7c1dP7PBg2T,2.000000
670,2zHcsbVtsKkp8kLbh27LPGQ81rb8CpU5Bt,2451.000000
671,3XJGYg1QjKWERnNjuNa4LiQpnxEhFpTmtp,500.000000
672,XcLf3XQgU4RSbJt3bucVsHbtB4Cg1U6DGw,4025.800000
673,7u6e3sUxUrdPTDiwTY5ZBhUKEUcSu3iLzr,188.000000
674,278v5tb9ngBmhQ36hFUYCH7LEtXZUfPBoBQ,350.000000
675,2jdX8fdTL3yKS7TwK7LLy2EtbVA7xWTaw1d,36998.999000
676,yjujvJvVA5UfJdUKs3eT5zAkAZAh3YGn1J,4.984000
677,2knmGULXrhYXg1FVh8We2QVMMixw7Mdb3cg,700.000000
678,xmMQM5E4vKXA7NwwEiDcN8XAdyQQUcFBbZ,2459.238000
679,7Z8nZLA2VdFu6rfS6gfhVQcYC94eSeFa62,1.000000
680,2kg2qEKjhzdpPrGbV7Sp96muaC8VuJmdTRU,747000.000000
681,pu3kJuPxodFZmK2dBgcAzy1ngSb3sJED4E,130.000000
682,ypcnHs5g3eYF8pkZFeGYDjCB6Hie9zvGUe,6.000000
683,s2sQuCqsW685Dr88oZqR9St2SjRbReuqwJ,11600.000000
684,FLp546ecX9jktfuLmcKMBXGESa9fRcuAPP,5400.000000
685,2m9qExfLPHhLwuxigZLa4BDD7n6jpMbdLbF,2451.546000
686,2KZv1rQs2qssiRNPC3J8iUXTHnkSyDJHgvG,162.000000
687,2DRgzBAQ9kVC7X5YR6LZr3qQ9SoZojxdRdj,500.000000
688,SBozerLqcsfL4BYHBifGYeXrN5jUv1jFQU,127.090000
689,2KSxauZD6bkJkXDtAcpHaWuRsJ4jCka2MYw,1000.000000
690,2YCuwidc7AcFRoeqm7EKLZpTKu8Zshtvccf,7.070000
691,7wGF8xvTyVuKMAEsUWzbNqrmEwp56PoMcG,3000000.000000
692,72D6FdCQaGrBHV5YEhFzgBsZc7npV36WUJ,2933.513000
693,jUFJ4hRBSskHD3UiKwy6gKmiGXJjZyY5cu,1.000000
694,27hYHar57M1jE3nhddswDEwjweisxegXouw,2000.000000
695,JFKiaxPZnYABZT7vSpmJjqaHt1oHRAVwBV,2000.000000
696,233X4eRK1DR6L4TAisDVUAf39fzrKq9gyPg,1000.000000
697,2RmctmMHQR82rM46pKLqXYaGRiHDD3Bq7bF,360.000000
698,2MAmQaizACyWn9EwCrc15vFZkMxb2Tn5vuA,50.000000
699,jxvkqSW6L1ASB9DXHNbSkmj1MYmSwgbWwk,114.000000
700,2Nm9vMEEPKvL8YM8zXpLm3WiA8pi4oucCkd,1000.000000
701,vwEQnYoa2DpPvG542AqmX1Qu8c3yar2nVk,200.000000
702,tD25QQbXLW1PLDH2vWzahq4WxPHyBriFpF,2778.000000
703,9n5yUAhSwbGZMMhC7KFNCjZnqC918tnjoY,3000000.000000
704,7CaMrHGckwG4asXRJRydrnv5JfLLtMdrp2,187.000000
705,Hx4WAZpUPjea1VoJwcgYXGehqph11SHPo1,4.000000
706,hQqhykHkmT2rqixt2sTfcm3ghJC8BZfY8M,188.000000
707,zZYoto6e9d7jiVivYnsh9wGNL3Z9BhorHu,250518.000000
708,oeKWYM9wUBTVAmCDyYkhcq7YKRehJd7gPc,62.000000
709,RgoKrDQdcyhMEYoyaSzencCWiW3EQZZS1F,2802.000000
710,uahZjawNm17nj3y5NRWm1Kbgfss6343szv,3000.000000
711,2bxQhT4VgfTu6JZRfe7kZrfKwirX29P9Di2,12.000000
712,A6FFCRPe7BvgE8oy7o5dhnuSVfSo8vtnkB,3000000.000000
713,jJ1o2hr8KiAYNGku4NSuBbxbpv9QMGUjjo,10.500000
714,QUQw67Bbsh6mMxdkEfErEQNf2KLgbMyNXq,800.000000
715,224YYhjZmmPsAxybRg2ymzaQyyXar3E5pp7,16.000000
716,8VXYBhuPgXz24Yh9PvVF63ax7PQ6gZRfhU,100.000000
717,2TyTnUrSfPwcSqASDnWDmXei4av4bzis7Bn,4.000000
718,KZJ66KYrGx7m7vbYubu3JsFKDZZCmq8GS8,33143.000000
719,26dHgvj18thTYoXMSirMHPDyYUYfT4CHpgN,20.000000
720,cetcPEjuuJVihkP527rpTEf2f5Q6u2UZ1h,1.000000
721,s6PqjfqxGRcoMRVeRczkLan3B8eDzdb62M,1.000000
722,2T8U7DSWpkBakc42Ls43MQLcyy2ixxx9hLh,153.000000
723,2fFwwPeq5HtPhU1xEMmU3mayTtimhJarUH9,200.000000
724,W2ya224F6irDTYCSu7MB4s4QJUmHniu6uL,0.648000
725,23Q6GMXYr7g6Td5zHGXyuKSnaS9jfk5qtiH,2044.000000
726,XBuk1M7guLckvdzcAsqRw5RgghjdKSDeyc,12500.000000
727,PZPjz7yRwSMQWib6EJ8wnhRiXRLZMnr6yB,1.000000
728,SyjKmGvjZx8sgp3Q2CGcQ1igGtaMH1gGdC,43119.000000
729,LRQTb9vmBFGbxqPgJVH267wiG33co6jPdR,1000.000000
730,mFNsFaR1tmVP3YvLv6VG2ZdK5R86gdkXX7,7452.539000
731,2DmxP821yWhfEPAxuJ1xdP3Bp4Nqy6gcFi4,2000.000000
732,E3AKaSd8LSitbkXiMQ6YRkYBuhasoGcNi2,2000.000000
733,2TmPAM8NYcBVSGaPEbUFWQ4Hke3sAAnaKz9,4.000000
734,ebU8nixkFY7KUs1rCAP8RvFTBSeBNmLgeN,208.000000
735,KZbW1gZfLnbs1NguBa1sKcSvu7r2ZLrNVc,137.000000
736,i2QPzHtah9QfAFbgtgXoZspvsyWBkGB67G,7.000000
737,2HcMfhMbjmAtLegcZahCNtfFaPa1GoRiekN,216.000000
738,PdafEdQNTewmgKYdz6bKhmoPLiM93fyE8o,28.000000
739,2JqueuXSNG8sFQ1caFVZYeDovCJXW4VpzF9,1.000000
740,2fJ7F7vviEWVRFBRKHGQVN59YiSKS2KPg5X,3000000.000000
741,vuhjaun27MnN6zUZKcFVNpWDZnFbcvzgTJ,50.000000
742,22KUb2M4yFJb5jq3uKU9Z4SWoNkXVbxJwm4,49.699000
743,2XmokEUPEAiFYVngqtUyx2WD3eGqehhZpfX,120.000000
744,2VYb6QFUP4ijmqtxj4deyVeTgwTaWZPkieK,156.000000
745,G4esnRqyrXF9CGNTAGAG4gBfpfPqLPRq1v,531.000000
746,sPjVSY18gSL63f329CySRMVq8oFJjZTL3b,119.000000
747,2T88qMiNYtvB1MB8cV5a6DVW82xy9RjchYD,33.000000
748,2DDHTwwtBssBeGmoJS9XsVBXnDiwk5HC3tb,500000.000000
749,2kfjvaLFQZ1mV9XinCPKBAF1djrFYSno43a,47.579000
750,2Eb7wQmfs4DAiV243ETNKxXk6zSFeT2Bn19,500.000000
751,2G8Qoyzcn24skXwjtaJA3Qp5dNgeRoeKQan,1000.000000
752,by1kTKvoHHVUafcALHDMMGvFB5D2PGEh2,10.000000
753,SmwUJQEA5Se1n5s51KsRRgxfRHvo5sN5Dg,500.000000
754,KgerZFgcRPjNoisr4A3x53pfrj3dGxtEQA,216933.671000
755,EFaQbqxLFnpa27U9Wcb8JkTX77fziNsD3E,300000.000000
756,4dQhTVsJY8P6otoDZe52VueAfRCJX1kNHe,15086.000000
757,2EYH3WTpkCcTk81zyKj4MmqA2YMhNspYf7g,13.000000
758,28CHJJPw3TcbK246tW3GvuSGpvJJwXA4o25,1852.000000
759,dA82EgBuXpganNm8YuqWT3BrcDS61BCJRh,1000.000000
760,cPXheivS4WaigXyqtzJbWikr9JGHeXKauv,993.000000
761,DcKvZywtwdFiohwkv8FqrtKU2cNvDLNKxJ,19842.000000
762,2C15mrg9oT92bCKikcfoioaBEgf874XhuGC,1000.000000
763,c1AFBc6aFstDJkMB34Z35By1ZnY5CN8uNG,2860.000000
764,2fBuWeNLAkFCqxuAqMx8gWHPHbX2QhGtXyV,24.000000
765,kzwXZTmLRSghvEJ1LqtiJtXAm8qfBrfGyR,207.000000
766,2597jTNPSZ7aYpa2yfQZzHNYCvVxMGnNAHb,83.000000
767,YVj3NEsacjsM67iPfyMY59vPuecwnp6QWz,3000000.000000
768,7n9m5HZrVDVCNmVYirkG6WB18fHRnF3ZwK,3000000.000000
769,xhuqj7G7dBdJpXqvvFb9QA7SpQMqaSKE6d,220.000000
770,C5VXAnATdsEPmZgqzV7JBCNptaJppgeyAj,1600.000000
771,26mUcWLDjxejQ7owqvgGcCPFDizR1RMavPb,1173.000000
772,2JQHTziavMb9YbYGv14peJ25Q4c9yoacKKo,500.000000
773,28Jcogc9KyQ32hH6uf2HcURHWV9hbVdmfCj,136273.909000
774,2cmC2Ri2Tehv2Hm5DBiwWRiwSK83qSEVYwB,1000.000000
775,2VpK1pyzr867a8Q8bRsywTXmkAiMjdysWC1,193.000000
776,3H23pmatGKL6YWdG1grrMymieoAx1u5HYp,1.000000
777,zsuB7HgMnqBMSgRFgVbyoejWqoy1fQoPPj,10.000000
778,2HTWx9TmqpQ2TM1EzmBGNDxxGGpwQJ5u4aU,602.000000
779,DGMJ7iiLwojXN1LJGLBDJa2msfjEaCm2tz,7020.000000
780,9HJ8p8wXHLJY98M4oF2DUFuJgxz6rSfMJD,1100.000000
781,wtK8MrGfG672uWxo68ViNTX3Ghudy1dAzc,2825.000000
782,2NQ5a4UFecShK1yKzBZKa91D5bVvKXky59V,46.000000
783,MptmmapGwdHnCeiWD8Dxe6tTqx2JweH8jG,34.000000
784,ojjSwpPX7hFcXxb9Qii1r9UMkQ9aWstVbw,375.032000
785,DSVaXDXCEkMpPTssgguzY42jrQ3eCvonLQ,2.000000
786,25RYiEW3sfALbmW53xqCaJBQQa4FtuJQjR4,9.000000
787,dmkFmEncDztavh9o42z1rjGRd5Zrhx3wPh,3210.000000
788,th5MG4sTwAkFkNAGYHhvXMp2hByM8Dcqqr,300.000000
789,fjSK2VJKJFENxqfM5YeVxnnr9g9DPmZ3WP,1000.000000
790,ZjMFgEgA9sLW2Xyz6dmT4dQh7BYV9VX4AH,2000.000000
791,Y1Y1b8GHPTeWzjRnviDmDkvXAsEXzAZgC8,896.602000
792,KZULDtdtgSqhUzvVJLBhscFaXGHdVHZ9TU,7.333000
793,qcu4nqYcX5rGC3EmoXU8q22vDcPUMpPYXY,3000000.000000
794,2hV7vaKRMPPrgtDqjSguiVJQsduJDszBN5c,1000.000000
795,o1QFk9KxFYHPTawFLHEv4FqqKaoLjaFo1k,0.500000
796,dX5xsDv7jYUYByccGd33aeComofHQNJ7Kc,2.000000
797,2KZJ24NjcFHSrEypd8jRMSsE242Xx5MCTST,55.000000
798,2f1su1j27pCNZTbkwzupGX5yF5uHGZmJkcK,100.099000
799,o9cQx9Cm8ZuugD8k95Nf8fGZm3odhdhFFB,1985.000000
800,2ZHRzCmZvdQV5R1Fi2c2STAo82VkHqgmvuc,3000000.000000
801,i5fkXenkrwfBhQUpMLYExJt4T8HYm5Swor,3000000.000000
802,D9KZjrFN2etU2SHFBA2G7jDSddh6ZCy26M,3000000.000000
803,2LHAFzNwKJBhPg3Psv3gewA16FN2fzKqTv7,500.000000
804,DXaGYCiw747S2K37ktXtPdoTuEFsN1AJbb,635.000000
805,xq1cHet5zutg5EvaUvEdFr7W41B5C9RQkq,420.000000
806,2ZgjFCBrwrutEfSfM2sq7UQBX8NSn6b9YHU,33714.000000
807,pDvA9Hy6HYsgFnp3GJgajFU4gqcqXADGj4,1111.117000
808,iKcCfaxXHpm22n42q61UjbeZTtefRhHTAd,857.000000
809,LfrMJrzSJxRGpE98zDhNR5i7k5nPCkSS65,1382.000000
810,PmqUYebWP1H3n4XWYgwQgkUkJTTdLTCASt,56.000000
811,2RsDccr5vsyaztq4kbUmCCdVcTQ6Y9jrdeE,7.000000
812,dHyTuP1TcZ3hoa5J8Sn5QXGVZwbFNAa8CP,105.000000
813,mNeL4FQTzXVyUeRxkBdbSNxFwfL14JFTKR,2000.000000
814,9HpEQ4kHggqBFj3fyG2QamU4XKV4bbbujd,40.000000
815,NmsevmpJqAA8f7R8zNKCaJ2dxkTA4T5Tvm,20.000000
816,2TE4TB4rGt9EnyJBanzRRzD7TqdZUT7L2xy,1500.000000
817,ThZbBfegKrUjz9ZsGdVaWgGMSExyU8cfxh,30.000000
818,24ic6u6rywKjJGi21sKCZAmp2qHeQQM3MGo,1.000000
819,2bESdwgSLHrT8n1xwhb6tVQyevwVtVbR4oc,500.000000
820,vW56P2Cs86iUeQ6m1FHNVZJbTor19F4zx8,2000.000000
821,2NVCdVL85XccWTcNUDtXZTz9MCpgj29TCdJ,275.000000
822,wTLxPStSDwRs1LQaB3CZHahy63y3moXY46,1000.000000
823,2ADzbt8F186254xMG6DvyMCfbsXdeiLA2qn,3000000.000000
824,L3aEyFQpawLYRSCLQ4WjMPf16ofRZbWfND,10870.708000
825,Lpj41g1PtFuFrXQD6f3GX7y1pqEseWttyu,16800.000000
826,9rhhQ4HNCbzorY1ereDBqobhYqxEUpYxio,4288.182000
827,2SmWApEMpnJ8N53uRRkxaU4gmhcoMb3ha6s,2000.000000
828,2SN6QmwaDW4wCZKJoYUVRLgLbEux1nvSgGr,2340.000000
829,2VR8n2P7uAaqTW7XUTSpDwKdamoDKfcigNi,780.000000
830,K494exNQEYqWUuR5zHb1artAFpAYHRK9Gg,1015.735000
831,2WuJViwjprgLN7tY6W8Factbv1UxYUz3dMS,116140.000000
832,2FMV5DjidcLbDHK8aMWsMUWRdPJ5XjHzxY1,2.000000
833,ZqMgaLmeVRuzJK9eWHAw26b7825KvXyySA,1000.000000
834,21HfNdApZoLJHd57qYGjE3bPRKULBeF7u7e,87.000000
835,4zFKMFP8Q66KegFz8pjuMXhMxwJAf73XDk,576.792000
836,27SAT13zDt8WWkP28CYsHnCDnDYDMFtDFdb,170.000000
837,2i2yZiMd8Lv18RCdSMKjjNDFFrHJ1b1M5jy,116000.000000
838,2Rv26TE1vV5n6W9kq14DiN5CV2nfztyNcZU,130.000000
839,fBbNhrgG3CB8skRkvamCTjCtH4LHnQZQES,300.699000
840,2SaHWwoSjqw5nQgF1dLLxqDWkhQRxsdHzCB,1000.000000
841,Z9WpWt2JYggephZY1Fia1ryK1o3SPTMUjE,1000.118000
842,2MURz4XbBRKriEL9UV8ixxZA837Hmpgtaqc,3000000.000000
843,2AGFpUVkqziY9Vqnrtfhy2PNanFULeNF8yC,1000.000000
844,s4oS6jsfmqncXQZCDY8PxVcZVgqeUVg9aF,133.333000
845,GGVsZ2Lwrp1157fudD1cBHYYHp8UxB9ikx,61.000000
846,YgupKSaySAJqK8zNjWdjBb6G7cszojA5FU,4.000000
847,2F6cCVuGhLkme8TxWGV64ZLsYFKbKsGoE4S,14.000000
848,4Y76vgsf1Sk9GBvKDJw2BpjrhkvVjLqwqj,2088.998000
849,2E3XhptrXmzFcGJx9nG1Xmg1fGzCiCb3w39,8.000000
850,RxWHhxWMTPBc4zLYbxtCjxbn5Av6YaieUT,500.000000
851,2VyZQNNtdqn8XZzuUsWHzhJyjvzScoPM1sX,2345600.000000
852,2WK2e2BimkqCBptcqMHUZNN7K3TbDvLeqXu,1000.000000
853,ZyCRprFDNbXKHUbSmcvUR8AvCddGjJRwxz,200.000000
854,PWyFRiZmYNVrov7FPjpj6JQgm9pkFN6eEE,524.000000
855,2a1htBUfDAPsd4MGnhKeQdePFquFqG9uTrt,483.000000
856,MtQp9RxhBxqUMzHoLRe82KxB1LUuh1knGf,21219.000000
857,2NdgnS4YCRjjkcsuobY8YF9ANtZoihxMsxE,40.000000
858,2kbMbgjwDLNudtDReFDsxxthVLvSvHhXmzH,2.000000
859,2FtqnwW9c49hAQfSF4PvR4xVf5oWBLrNyKy,125000.000000
860,2QcZrwcVZhi2ehEeSCNZ5uFSkm4KMBWZd8m,99.000000
861,KGxbUkQsnZjxEcZszug3czqbJunqEcGfWr,458.000000
862,28FYtKww3diNrmqvYWqTppHzF8MqrW6CYVy,200000.000000
863,28JuXHJjL3k2NVRGtioENPyf21QRZUztJi1,1891.931000
864,91Nr39PLcTBnFiCJtjzCsiMcDkdF6eq3sE,38.000000
865,c8uGXjfwny5CRg1qiGpGMXgeNSmwwyVXT9,4.000000
866,2C7CCMK2UXk6SAyeZDLP38FvF4vk9dgbtUa,22.000000
867,iZwMHaRSYfB8jg5NXARLEPGKnADCHfsLgq,2000.000000
868,214bnuTdH9KfDN3TNxdRcH8Tv41XwNpsXYo,5160.000000
869,FgcPwEHVFAwC4pYpbi55jLw6WA753YKMuJ,49940.000000
870,26fXkXq7Hd7MQg7snag9RdeYzxMoJfKRhUS,1180.000000
871,2JVz7g3ruKLQkRmGTRaSRSD6ggWbGgpsxbU,76.000000
872,UNU5chFLEresxcEdCrYETBSEUQQaadYZyR,45.000000
873,2f4M3pbFGhdYLyc1f7ZZF6iUgNPgBmtX8gs,25.000000
874,2BYoq3EwCAEYSpmi5552N8KDSYFvb4y7Uf4,500.000000
875,5qusLo4oc2vtxX9V76451R4YsRRhZT99BX,500.000000
876,7uqRMnSQanE65FuQtB4WJNhr5hTAUyP7WU,8702.907000
877,kNHFxnFoJW69S2RoEzqe4jJvWuB9y9tBkN,187.799000
878,fECsqKX4ku1v9JcEPc9Kxtn7NatA5xCSfS,58.000000
879,29qHPjsF89yVZRqjGvc9LeCWtw2RgzNGx57,157.686000
880,2FwJ6FkYHV99bXdaRdSLvRY7V9iXBFN9qqC,66.000000
881,mkgdAUAvupCwkKz9HSysqhYNoZFLdEaqcV,4800.294000
882,2iE2iFhN4wHt5EtES9V7S36JMQaDEkACofC,999.999000
883,2bCFJhBPMM7BYN6KUwQu1DzLLDe1T39tcgT,56389.000000
884,23PSefzQwNuwm6BVAvyXQrVjiiB6web4hPq,405.000000
885,2RvQAnjmUZAs78z344y22RhEhXJU8EFj68A,2005.000000
886,241LCaih11zkmisN8MS9NdDbXt3uPHDo38r,506.000000
887,eH5P6m2PLkYnr2SxsHWLiRMKF5pwaE6rLe,1000.000000
888,SgoHHuGjvwFhScgXU7P4gU43wjau8ssic,3227.098000
889,rXxfNxidGzVCKSGmw2ckaT7Tx8SBWZi7Ei,126.968000
890,qHj3ebPQUU979YFDyLMuiK7s8M1k9FmHof,9672.616000
891,2G6PUrNt132AtXSQ7CB8CZKxgS82QwK217j,2.000000
892,2EJCNjFfLHiiGNH2Ttpvhudz4SSjrVNUFHU,2000.000000
893,WLCGVBajrbcydN3NMpNw7vYsPVK61rCzUY,5208.000000
894,2MXYbKw4oWR4cQEBjPbu9UmSAVUePCu2YXy,2.000000
895,6qxajJuTCPgSQYApSsNTaZf35Y6GG4M2rL,50.000000
896,wobPxheoynogq9bSpDFiSRv9ymP6C6raGb,2000.000000
897,2TW72mNXZu7UfpxupL6n4Yfey9o55ju5eDw,13.000000
898,2atTZmiLmu8oxabcHUYFvQ9KcxMSAtxSKnu,3000000.000000
899,2Mh4QEhcaJUENMKDwHVAcHTfmUPbESJ22Bx,32.000000
900,iaJeREqppQ1PLJar8D35SoAB258WgiLfdQ,1.000000
901,2hkxZbKKNxWJsB44zfupETcV4vXrvS8dmf8,2171.805000
902,2dWVmtMVWmeYMBz6XJzRM1PFzY857c4gXNE,8550.000000
903,SQAQPh4zShPfxuwTFokDxDcukTkVAP5F1x,417.000000
904,Jc7YeMNa9CZQZTpvyDTeEHpf5M2kTvSHrE,1543.000000
905,jEgSTRkeYJsEoyQViCBap4k3Ez8TSHyzhJ,330.000000
906,2c6umT545AjDVX52L4sbFXEeQzdad79HMYu,42.000000
907,2Ss1x3Bsqb9TevaP64sD5TVzk26svWBhazB,300.699000
908,iuCnMKfituTTVU9cy1kMBXEFouAJAo9t2w,29.174000
909,2AhZE86y1EPdqjtPRHB3CwEp8z5pnPjWs32,400.000000
910,wStGiYSk2ZW9gMFKLyS5sNwpwSCgg3kPhK,7420.000000
911,2GWaBMX8NcmLi2Dc7w5R9afMwuoRafLP5m7,1.000000
912,CDS9E4V4dMoej3Ftyf3NdLFufwUTVc1PGM,43.331000
913,rnfNX4xGNJSwP4xf5C48G8QRUCaHXP5kLc,2114.684000
914,2YKnEzWqDKCciw7JGZtMNnoZHBw7P7MGVg8,526.000000
915,2e3sknx6cVUz4n88vUwkBQf6NWg21L7NSR6,2000.000000
916,vF65GcU5GVBBNByhrGBUSii2HZrYM1y9YZ,800.000000
917,td595rUgWWzMsZcudMnTVYiW6BRvaghPKw,3000000.000000
918,5wywzM2inmaik4STmb8bCUba5DTrdaifC9,13700.000000
919,29wKf2b62WKa29rnvbk5gnxhLJkfL5HGm1y,1000.000000
920,2QgitdXjSS3tQedGdheUPtqvU5xxX6dAWCE,5000.000000
921,TdqzfDvKTbDi3DHxXRNHj3D1CUbjhmxpLp,15633.000000
922,2G8naG4uQAnPhxSxxtkfbTgUwrnpYYTFpdF,59.000000
923,2b5vJLUVs4fFr6qdpAbLMkevCA6DRhdZGtz,1.000000
924,C3GvenJ2xDsqA48kznSt3rVnwNkvKBH116,210.000000
925,7E1rUaUcQQwEukDVMRNmTYAzUJAw99Ygh8,2.000000
926,bQSeeFJx5PBf7m2LAorbZSNLVu7p8MVLaw,500.000000
927,2PoFERw9df9h8ZGUPycUYZf9xCiL5zMNfut,1.000000
928,PbYWr2GZvv2ixS2yxu5TJbxbFBiL2Vm6M5,1.000000
929,2HsRw6a8XQAmiwKroumsBtZRxWLu9dkBzdk,94.000000
930,2YfufQEFTDz9pnLHfzTaT8X4U9QgwE9s6Lm,171.000000
931,37gaogP8PPQsKdoT5PQGHJKUXR7opprv19,37085.000000
932,zTxxZa3qqmfgX12F6isPAiE1RRFXzM3Qqj,1311.686000
933,SmFQpNcjrUCgQfbxGWMk56TQWRwpfL5Cc2,1.000000
934,DjvJctgvX4Ze4Xdj6djoKgXNDznZoLooar,2402.000000
935,ADgYkxHT4a33TCVwGSxPWZaVeF3M4kmgYE,20.000000
936,zf5NMHfQifJ2SumhBFGJU4ZEhpc4pRFCCh,4630.000000
937,2XKxGuxTMSuRnsPJTu3VdQkLiU1AG41oQFW,5663.000000
938,RsKRstrpCvFRME8hKCucruaPeoFGZs3zMJ,500.000000
939,fGXuaoNkWzet6XLqefZshV3XupDpVqNern,2000.000000
940,2exDpd3yQFo49UtJ3UPedYygF3d9irx94Ah,343.000000
941,CiHGftTc4uebGmxisXEsZAY1pQWMxpEqag,2000.000000
942,2ecbw78fjtzMmeppTUFTx4sgcfC6xdE27W2,100.000000
943,7XzHgKcGG2xPYjBoMTsTzreWBuCwfeuFey,150.000000
944,PGTaXvgt7YBuo39HLBiqRzoqvK2NQVqQd2,12.000000
945,uBSg4XYueRoxrEA8odmvAEzE18ZoaMsHQd,1.000000
946,BRp8cdG9wNgfjAVaZCP51yW6moWnUTUc2a,1000.000000
947,2X7t7HZsKevubrcTeZMtDxgB92z3xnE4137,1889.437000
948,a1tyyQ3adC65W85qLMbUXSBSjrp3EXjSaX,2000.000000
949,2W96hm9ep2be8H5QcFr2776aEiyQZKYp26W,4.000000
950,2kqyYw1RGYGmKRVD98PB7iLSuVGrp4FRhzg,1000.000000
951,2PKUW2tXn1mkra3vs3VewV5dYavsr9n9xwq,26.000000
952,26YNJ9ypSkdnL4Coja49J8aazFzVQwMvbb4,1.000000
953,2doNmNJLNbYVdzKt6uvsPM8D35AzZBENwWv,40.000000
954,2DTZAxLtjGWsrTHEwtytP9o17tNLAR4VEBs,500.000000
955,2QBMEN1gdJZ2ynhgXKpbMn8YxNKoqKuFwgg,500.000000
956,daMzroK21erzbmjfy94x624aGbXiL4huup,1000.000000
957,2NVG3TfKtNc8498UU3skEMEMZ5sgkcgJNGo,2000.000000
958,2GThbaHYTx7Se31zcgYaSp5uQU5JSssuFS6,1000.000000
959,27AiJwWaWvU5BDUB1oZafdK8scpvpcVU3r9,19000.000000
960,wGG7tEPfcQc4qUKdiJH3QSnScm7GhQSiny,33040.000000
961,22VzhbNeeJsiGwo68dzNGyUq5LQuqumMgUU,1186.000000
962,PL7ds93eyDiDA55x34YTSa9NGvUrERw5wo,2000.000000
963,QkHTDahAxUh4UDZpTeU2CGkdBrC5QUcPQu,7155500.000000
964,2cLghpJN1CSPZTbr8skhWXcmY2fhQA2a6Av,3000.000000
965,2TnwX7EFvG4qqm3QAy1xtdxfQq3EoUbfpCR,184.000000
966,khwJZ4gRiuYmHV2H6azz3vCNycsZNRg7Ft,15.399000
967,hRMnJfE4gKFtsuh1EiuR5PKAchNHDhgkGZ,300.000000
968,ssvd8rcBcYyaJgdUgdk8vkq8HoVDVS8hyZ,40000.000000
969,ZUX1tbZLAmtZz5a65MU9jN4xaozedFBhQT,9921.000000
970,U9NUH7CySdWW6knf26E6eeJCqSwNZgj8kX,4.000000
971,27EYChcDKYZTjMWnthTcX3EkVpt61Tpx3Lt,100.000000
972,ARzqRmGhYe4p8XTXdfPxFuiXJ7m42BXV2J,2000.000000
973,2KQGrdVtiDB241uiP4Ljudch5U9CtZY2gge,4.000000
974,2bdKaEhkwsLr9zNebwzjsXfDJh1cPqPz3Cc,60.000000
975,4a8wC2WfQCaAhPT7dzPR79z1cnw8RPBemu,200.000000
976,i6rJC1ipYrWWdmBwDijM3jDfvpRtDZbjVM,800.000000
977,zgKrybdebygGMZmhFmzcwaNCQ8C3uRLYNH,7672.000000
978,qNY3vJahebNfxmAUXYmFi9VTvKRFx8t8h9,45224.389000
979,2mgJs1Z55sXTwc1ANA3XQdHCFUZw8TVGH2B,83.000000
980,CPLWZYSn9fAZ7SBi2PA9c4i1AAD95z4jMy,2000.000000
981,R9PBFfEdURKbdcxKw7m5sTHJkav1DRD18x,500.000000
982,MfegqzMeVm9LuvSzaaUxhF4phBKshHQWX9,2977.000000
983,JrHNfPWEquGMLMtrSyhKuDkYVn1PMqMe9g,1005.000000
984,EpHtuKhABXC7sHK5pgHHATXfQ3iozAbpDL,2000.000000
985,2KtASDmqj8fPSQ1Pju4ZNqV8nXd3T3EVdmc,36458.000000
986,6toCnFwtvNaRVRjDHUxG9n6fE9w2M4sXyx,2000.000000
987,2dJE2ZvrjAULzK4L72wv7bpHiedNSFK8ohY,1000.000000
988,C6Kw9kpR9hrkntpTbGq4aKxXjGNbJWnDBg,4000.000000
989,2BSe49wTPCxLb72wP1fiQvvw1CGJy8v7r2D,47.000000
990,2XYPVwVd74rssPyEfmxNGuJCngxDEJsMGAm,11.000000
991,2Vhf9QnxqtUkVpfMdE9ZyJjcVqNno8eGMpv,1428.000000
992,YvLvN9zMWJzzdiPkznvZsbqeJ6z2yhwTbi,223.000000
993,2kQbKgUi1M5NJUDXrNWkDgghGPdvtDohXPj,1707.500000
994,2LX8W2tsDi74zU2yRZQXN5w9dxhaAjuJExi,308.000000
995,2AzRMyrgMe1FMpJqHonmL6q8QfcNTEGbqr9,400000.000000
996,7a9iMNYqUJ2zrF4aLkyykxnSfhD25SNxzV,24.000000
997,28hMbgzUqZTscQheqf53u6Tqe76CxAWWs5j,1.000000
998,2Q53ppA64fpN1eJDiUeaZtUcdtbscSpevKt,4820.854000
999,vZsndZE2WpDRsA4UL4LkoEgfRA6SFQdyNt,1411.000000
1000,2FJUA4NyLYW7vSTnCEUYWisp3JtC8q1XEvu,2000.000000
1001,yUXUb7ePiK5SZ5v8rbet3BswgFpe4iXizf,56.000000
1002,hWtkzM79Sx8EypYXLjDSovpU1ivqgPpWNR,13875.000000
1003,2HKxSby8dchYjfHnMLkjGZCELDhqDs9jGJS,792542.000000
1004,dSt4z51ngSMLAzzn1rxoCJzGZi1v41ck1R,8000.000000
1005,yXsEnr1cmMYC5Ucv7DP3oSXS9HWcbK5uUG,1000.000000
1006,Wt8PGa1gG4ohvXrLR898zij2KKQJxKJvk6,499.000000
1007,YjWhESjbpri1g3i26AaG8pCFw5kfSLsPY9,15.000000
1008,xZJqc2WfrW7aYcFj1MNk6diaFNwfPqVAjJ,1000.000000
1009,2c5uMZ5JXLmpczQpFrfLoSHnu5uPHJpaTwb,10000.000000
1010,2Y6PfvMkpcAmicGzf1jayWxZgpgrzaWBZmM,131.000000
1011,tPkDwvgijY6c3dBax3WF1MjYQKgdQhe98V,2.000000
1012,xQphvcpP5ADzsESRtoMeBpK1VRaQer9sdn,15701.000000
1013,2fwSaJXkMm6kj7P44nxEfDpTs75uiiipHEq,9921.000000
1014,T94JKv6vCdzQSgUnU1yKD2zXX5EL97qwoY,435.440000
1015,2546haS7JCRZPyjKtrziBYUvb1yDojxkPRe,1000.000000
1016,Rb2YKmv4tABSh9AfjJ8zhMeYw1wTrHvFiH,56.000000
1017,26b5HTKsA9kas9LCgRvX6mkKTSjoow2gtUe,2000.000000
1018,JHcV8bshqMKatNsBGLqrGWrzH7SDJepcS1,467771.341000
1019,CKVbgxc9tKx34QRBaALXn25WAgmpBrxwYA,9000.000000
1020,TN5nFx6j5xoHj1jL5YZykaqeQ9UXKxyNC7,6000.000000
1021,9ewJPcQpwPKCiuz4PdSWP5s2xZwcRPVVY2,4003.621000
1022,23ah5BYUJpZvXd836gUirZtb6hFg8S1oN8S,1000.000000
1023,2SpCFpDYmT4hWW2UgksvVr4LoxKPXFkJ2Mz,209000.000000
1024,24Y9npcXWh3oiuBzRN2suoufS3akqMSq5Z2,24901.286000
1025,gYv57es7VuBzUF8zWMve8gFqn5pJTbdVgL,171147.000000
1026,6KHofxHw2UB3FDnBDRKDh5ebdER4swxJY6,74.799000
1027,2GpNJcvfoBLTd21oVFvGmvyshmu5GjUDNgA,3000000.000000
1028,8tcwfPJ9MVE8y8vH3yADjnezQfYYFzsbmb,1120.000000
1029,BcDp3ZEi8RDsqcxFfamC7YvwHix8hMKJWC,7840.487000
1030,yZtuiHCed2VSr97DDcneiHDmTU2VwRAhbT,0.500000
1031,25Hy45Q8yqp3KD6ACtbNxUa458mxEKqeYZ9,2000.000000
1032,2CWegbXvfWpzqvcVokZHmebFFqknmcMzcRu,2.000000
1033,bw8ECztWAzagB7UCnJb7dRDVLwZ9ffyhRC,28.000000
1034,2GUFjNeuD6gf8pJKK9YyaexQfLtVJHxmWNa,2000.000000
1035,S4t6EXgfMP8sm8Jcx6JoJCLHmJJywQKmna,321.000000
1036,2iVhoecNyTmfPSggEDDCsFk4QQAJkaJkbf1,3.970000
1037,2HK6Ze6NvmRfkbZKb4JEVXEt6FqRNMpEpKD,500.000000
1038,29go8opf4BAbkqh5NXNR9xa2667TVGqQkLf,163885.000000
1039,23LQuNMTusTca4b1Rt7wkVUA6SM3YLFg9TH,1000.000000
1040,qPVZWayuEt3fpQag5aBACBd9M8XtmgWbwU,1434.000000
1041,2cAg1FEdMnPZH87xUcRtAoppFdRYwQ4YtcC,520000.000000
1042,2Hag2DQD8Zm7zTHmohKUyHQ3DDuKXqEgo3i,995.000000
1043,2jPPRa6JrYjY84BwZptYXrTRRHe6LSja9DU,8.000000
1044,t4hvfvVChVk6qVajCnoqTTGNP4FTftJytu,3000000.000000
1045,7c5ZDjFrBmsh3o7HivZpqFEeLp5ePVaH8d,3.000000
1046,2CZy4XkV7n24DaaDEyfSXGBaxi5xdspBbUK,16.894000
1047,6PcgPQXjN2aYGNycq23cirK5y4iiuuhA7N,846.000000
1048,MAVfrz99bbfypvdidiiHpJ4GFEb6EpaVCD,134.000000
1049,RYKRWUPqH2J6jGZU8tt1TyNQ1sm43uzeoB,42.000000
1050,WmXSVpv768tmqTufGyWjPZmrQ6q8qcWFTT,714.000000
1051,pWu5Wzf915LuHkheryCmmYMJCDQQqzZES6,314.685000
1052,CCwAKqceJB7poCyP5VZtRKYP7UDxwi8adQ,200.000000
1053,2JMaKHZyUujzmGQwcrHcLdwxs9Ya4rarTpQ,1052.000000
1054,231GzY5w2pTN9vXXa95gprC8jnyZVZZ15px,1559.576000
1055,JS5Tdujyq5fDKwgw9j3oo6hFyAfPgQd4aZ,1000.000000
1056,2jbMEUikLKCoCPwLwtDY4uidHFmU1H1zym5,6.000000
1057,QqzaYJfNJdXjT9TRr8x5XTGSiigADPY8Ep,2000.000000
1058,fwuUZTkSzMiTq1VBH4xM34pmGyEpsKD9j6,2524.472000
1059,2NMrXGa2FFCA8cMpiTrXZr5T9oYBwnvcTdG,1025.500000
1060,25wRPQbohRWacL1Yv88qEandwMjf1UUMANu,5.000000
1061,2MNgk7ZkiG5Xk969556iiexyzrvXTS8TWQV,2.000000
1062,2Yj8Nb1KDLUBW1NbHEDTSqYa3jwgaZvk94w,815.000000
1063,2bBAXfTghNVz4CUZ1Zr4VbnpsEQBXETKLBk,509.450000
1064,2Xbd6fQDeSMnsxvfGALUZbQV5dwo7ZDV8Ed,45.000000
1065,244rjALDhpUCpKQjgo8oK8jwmedPdQCusKj,20000.000000
1066,2XeYgr4AvFvv5gJWrGxsVPwPnXcBGeiuQ86,1000.000000
1067,2KgFp55v7S8kTJXVJ2oTX8cNSUkN4uJpp5a,123.000000
1068,2MZWGKDBG5UZa8XH1yAnbxwUFR2m3W55Prs,802.000000
1069,xPeNV7eBW9Z36KVSkwtTLCxNjX9yEVTk2v,48.517000
1070,s1MTT1kZFcJP6gvcKfEqbQQuTMve3SYLcf,2000.000000
1071,49vyo5scpmejBYfe1RpxAJwSQHZ9FL4LXP,100.000000
1072,UDwB3gs86v5sDhibFUexnv4vzNEDtcyAg5,43.000000
1073,EVp6NgRR8B2KprD1wDfYFLFEhsGF6n9GRh,448.000000
1074,2AAcQxcKcrKEoaUX33ccTwguyot5sP8TQGA,1000.000000
1075,2SrnBiG43shhi59bRmCXhqF2HTX9mDmtYdr,23.000000
1076,G5Ed7f4cNwcutm8D99HWFxF7Yz4odkomx5,1551.000000
1077,vYJzzBGFrs5MZfkcehUaA11M1HGhTvhDdo,2000.000000
1078,25Ro51y1dhVQgZVPiPRBQyPvjgbgA7FrhfT,80000.000000
1079,ftyB5xEsK749VkdKrrTuyG6pjFkC5K8QUW,13560.000000
1080,S737FbKDSuStGttRKMD7XjunkiE1cozWDj,1000.000000
1081,VhRdwbEAdvp7Do7PUSetKahUDEkRUB1MBs,500.000000
1082,2F4Z2ZF9ifdjUHTyLRhKBMnhAb4gjghdPmb,1000.000000
1083,2GZrFAbsmrYAhNtxh8xxnqwrBuckJjFoGLZ,60.000000
1084,2Utcfny6R1fYqTaaJK976f6jpPDu5HiqUif,1000.000000
1085,pLLL8puoY6u6wnLYshNRqUTXmrcAeJc1td,300.000000
1086,imKVm7vcARt5iobcXwhQ344ZTsriabFtpW,52169.000000
1087,237xfxqmsCnRoxRt51YyLe2iNgkXFUfbZB9,554815.000000
1088,zeh9v9afW7a3Ji5e7SGdzb3Sk2xajTXUMf,3000000.000000
1089,TxKLWTEdpGTvPy5D9hdbiu8NDhoneAnD4y,1000.000000
1090,24MC2S1whfoN2d5HrSBDbP7zs1K9bRCSqV5,1000.000000
1091,phxh3wkGDjQnVor5B82EsoLiQEaEzycGXA,1000.000000
1092,Pidpb6effv4vAKBRsDTgdYtuT2AJg52UsT,50000.000000
1093,D2baWwsht5g39WRt4R3rfuMGCCASJzRV5d,300.000000
1094,mT8DyMyE6cu34iuTeU1ArDmdTkvJssvn3w,1192.000000
1095,AxVis7owmGAPdhXWprJGzoeabEajw1vKEN,51.000000
1096,mks2voNHZMeizAcF8qJ9JQhhedsRQYSKtU,104.000000
1097,2NJMJs7UXXsSiNtMimLNtBh24VD4dQGgPft,11950.000000
1098,kJj98DTMXy16cEryTN8LcuXkPgNapnfqVm,1.000000
1099,2RQsAxgMWn3uYidePVCmGJbPJvftf5idZy3,500.000000
1100,2mGdwrQWPRywGPgXwc29ghUQvBfpznuXMVH,2000.000000
1101,ZDkewvWjYVQSrtz7xBSb5KKoBwrCDujeWd,130.000000
1102,bRQTigkDxfiQcxyzxTXbrE2wMNqfXUEczM,1.000000
1103,9EgRe6t3chkMBfbuB5XjCkEd1rBwCvxcU3,1.000000
1104,skm1acr4QQw4HjzHkegVoywqrkS9gkYQ3W,330.444000
1105,3LGBz9bPA6CezThgiV9FhbhHK6ysCCATsB,84.000000
1106,2ZyGK9rZoTJWHqeMTKwS6mcW62qqj62rWFW,1372.000000
1107,DW2rmFScJSSPQTGhYvTfbVbu5d4sAZiMaL,181.000000
1108,21b7EtTzmKaK1axChQDA3JmXpqCJKXbJ9z7,1300000.000000
1109,2XCcx2qDFrSxjtbd2un3cuFC36LsfGvZDuu,1000.257000
1110,Z4cwowmtR8JT7spzmTnJdCqMaMu7XD29j8,10000.000000
1111,uYGfCQadtWxgPEFj9okpAxsnGmcnmg5ZUj,156.000000
1112,26HCuXvnNfcmshkS9AwstyiF59mPkb9HhkY,500.000000
1113,bJwdkD7VvNk8hYQmX2ZjXsGdw1TCGhgbX9,3000.000000
1114,tdUGGibW25GH1gmee3jbYrfGd2qHA5yVTp,81.000000
1115,2iqzhwVoe3NY21mDqNpyzc2w8keMDqJr2yP,100.000000
1116,kQgXEhxbFMGf8YJsxxoy3DJGoLPfWbJdqS,596.000000
1117,wWvwj68r96YTNPHVWrWqMPzGbUCoKdZXod,400.000000
1118,2FQqB7snjanFkYXbCEpnfoVK1ZaNg794Dcz,5.995000
1119,joVSFdo4CaA19Y2jbJJZ5BJyitZqBnmX9M,3000000.000000
1120,7i1vGSQ8C1gNupWU6s4PVM7xHFKvUjyx9G,10380.000000
1121,KkfRbLniBmsozBwXCcpeKznN1Qcc7Nx7W1,1.800000
1122,eXhvoLdQVcBoYxBigBFFwnbDCg89hVxddk,895.000000
1123,6maXhhzE63UHaoSiEeVi1zidV2HVUYSnp9,3551.000000
1124,2mya34uTRpskfuCN3MH8hdLtnBhqFuFRhjX,64.000000
1125,2DNsGhGr4yRX5fcGDJcM7ZHLwAs4XF7p56S,1000.000000
1126,2gaBofieGm45Wo6qwngnbQRqZJyKMFXJw6A,4975.000000
1127,LBvhTZ6MVKYok5hBQaJR9EBqVxETEbV6g5,270.249000
1128,y6ByYSEZiL7EyQfbZ6GCPjA323TA2UA6Wr,1024.500000
1129,2i1xRzFjsK4XXEbCbtBrzNJgT1dYsXaxodU,213.549000
1130,3jfm7wJ534CpVQFG6K8iqbXoA7ozHbaUq5,2000.000000
1131,JDmcWEnDsQQfk4oVrwNWMeXgLoF3oY3dtu,1.000000
1132,RiwL2jHkAB52w7YjCPwMN3GKwP663R5vQj,500.000000
1133,xV3XQzAR86Y6r7qA49BsFcLxpQ4xhtASq7,3000000.000000
1134,2TBcMiLaAUDZUZRbKKCx3gvvZyHAUECCzto,77.000000
1135,qwFgMgkUaizDnU7DT7jBuYyD5qwc8NixLr,5055.953000
1136,2EzJTf7m96iMETuc5mEiVhnJmFCUnQSr1wQ,500.000000
1137,2Fiircdm12NXm2drnf6cee6TAFJXHMD4NrD,402.416000
1138,2fZn54bNiKdP9X4fyPmrcjv1PP5N496wP8F,700.000000
1139,2RrM26NFMBfbDo5xstbyKjeJ4XSS88aNCsp,205.376000
1140,NudrknaUPde9GEtzXn215tVj6XAMGMWUrs,10.000000
1141,2UNPtLB7PMPMA3yZRzBEic5MDmaKJazYKaS,1244.752000
1142,G8ubj1NeqpgAV8zJfwwbR8EPpvsa3ufqHf,4253.741000
1143,2mTUwpQcSLE7wDp3rWZE8yk2EWbZyRrwsRt,47.134000
1144,wTqqQGnrqUewene3SA7bUPccaE8wzgFP1u,1547.000000
1145,2575waBwY1wUiuyDJhs2F2pUBUtaBwujbs2,10.000000
1146,wK3KnwNABGpJxRqGtQfXPMuq9ZpjCUdkuu,10081.000000
1147,nSpNEAdC4Eu8CAM3FA9cjzwFDKivR5Lxch,152.000000
1148,2ELihNMMUgyXF6R9GqRd3m97gttTesfmJsG,784.000000
1149,21JukxALbu9BUCmk7mnVdRXaK3Abu7zFSbP,22001.000000
1150,27vjeHnMbzrJcLDSFs6w64eXd9kbY49bWnZ,3704.000000
1151,pEgZCZntHHMHPEzYtMWYha99GgUL17HNC9,2.000000
1152,2XaVopikUdHgKyzmNbvUgk1ZDipAM1L97jq,1002.000000
1153,ZwRH95aRWUvva6Mtju6V3TRHhtTiE2f7Rw,174286.000000
1154,anrfhJ816nreeYxD3et5jmfB2vJTh8xCj,159.000000
1155,6Pc7ibaQ4CHQLH4HygrgRY9dMcGtRVoqSs,3000000.000000
1156,KDNQ85saCEzsAdwZTZqmarcc38MyDJxNbt,1000000.000000
1157,pcE8jwFAh4RwJevFbX7cd5LXG6s4Lwi3TE,9229.623000
1158,WePUMfikkFT52QXyFVv9wsUc9hqMPRT4iq,52.650000
1159,Vbhvb5PLXdxw4Lkqi6s5QE8jFnQ4qqGoy,300.699000
1160,pUmwYKeLL71FW3HUzyh9NpaJd3uo5fZt6k,1.000000
1161,2KgpnL4E8JiPjoUsJ4jKE299Y4at8kZNY7r,550.000000
1162,uwMsBAG9UTebaCy7NBJqjCxdtpSumj84Ea,30824.000000
1163,z81rnoGh5JiW6RbErMe1hVQYg45BnX3Wb2,1000.000000
1164,2LM8uSr35BvyXNihhzTdSNasbYVX4yEGuUi,3000000.000000
1165,28dprj2mSymQVuk1yVa1HYEbMb3C3qAib8o,29371.000000
1166,2A6BqGMBCPXVFSijJQt3sn4RgCLjjaEr2ki,100.000000
1167,2scTNQnfyZaDHPAhJxqMufYNa6pzzgmFJB,3000000.000000
1168,tgwDN56EyNZN2CH75suxxnHrzRQd5HU3R1,42.000000
1169,23yiZLFkJpfbgYouDW7xV5ts8VnrLfveGD8,1600000.000000
1170,2b8JTBQxJdU2SyP4LG5tTnYnjUrkar7d8pa,500.000000
1171,L8QCxiQv9WE8A2nZmprqkhvQcdeWCgWQwT,565.000000
1172,2NETGDcHmpoTMUbHgbodvJentvviuYmonLD,169.000000
1173,DofgHNumdQwQsjmAfP2penst5YwR1kfhBa,193.056000
1174,nTbMr4gy6VxjVakvUKmt8AZdMEcC3Vo7AZ,2500.000000
1175,23NhQUCe9aWxMRPuqBJR7LcYy1w9dRioqE2,6.000000
1176,2JCqvaPkpoMbzEVsDN9R5aN3RTffq9T5MTj,2000.000000
1177,hHBP7w2Hp7hqM5hk8JxDsofBib754t1QPK,50.000000
1178,2JGbfKLTkuBqp4qdbnf6ozMwk1UjmEUNS6P,1600000.000000
1179,2WBTugisdXSLq33QQoButaHAJZG3JwwBDTt,300.699000
1180,2Gs3eNABy3cwdi2WPc2mpr24gdgWctbtr9G,6000.000000
1181,2U2vhETCZuWaDZDfANccc5GBFVzbCUd3vJM,1000.000000
1182,Tk4NRh1zDm4TShhV5zx5rjcqg2WdBM2cBq,3400.000000
1183,XULneTsXLqDXSsXnorfF991VVqQwi37bG1,1000.000000
1184,2Fhq22jF3rwvaJ4n3DgMyGrJ6UhJjy3fcE3,69000.000000
1185,h42M9F1akax3mTqstL8Wfua3tavcZ7a2n4,74.898000
1186,2CnYsHdnaqzAVQp6Gcthk3UCYXDVdj3LVeD,1000.000000
1187,WtrJq9mkGv4V89jKejQ3bN22mXYMXiaS8C,28971.000000
1188,MZaEd2gAwfp2pWVCQjoXL3Vbdh9F9cJRWY,38.000000
1189,PrYsUeH3rpF5Q86fMgVhs5XCu6bEBcfFZ1,67.000000
1190,2Zw3Vy2DTaYFR3YnVv8US4KxryzNvGn1gyo,1000.000000
1191,2iGvAsfpv8nTtDyw9KaqysVtfStUxh4r2cP,16422.000000
1192,Vi2TrHALxdcWWzYbApD9GnNG6ivm5yg5Hz,2.000000
1193,5kTCBirGv4gRkDh1H2pd8khKhT4MLGWFH1,70.000000
1194,2foSTUm52C1scmK3KCsnUBPJYoKRey1x4Au,7014.355000
1195,hWMQDRnnmozPVrHGD2HFSAqqVDmkzdHeKJ,2500.000000
1196,8nz4MwAnj7fpTx8N8jnQ3LzoNjA3WG9W2E,5.000000
1197,2ASXVmpwJtJZpLj5Wggoytp4Z9w8vSGBBYM,1000.000000
1198,kMcemW89eD5NHQ1vdtC6SrSuhb19bPXh2f,22.000000
1199,uFGSSaJT3UnsCutrhAZNeMjgkNF8pU7VK6,100.000000
1200,2Kq2iBt65hCAtDJBjSeh198ovUjjA9Ep2Nh,25143.000000
1201,bnEUiH3HVq95pySibLRxHrTLgxQJhsTgRi,3000000.000000
1202,2T445TwiAqqHyGQQq8uE7YB3d5HLJpK7eqw,58.000000
1203,2fBjU4BYPiNTjf6ubbpDfzt3Ueh8goo12JV,20000.000000
1204,UQSue65Siq5ESC8yx4Vvv1oVSAKBzn2EY7,2000.000000
1205,2HeBWktuDXj9KaTHNC9U4DKS9b3oFxhQgiZ,950.000000
1206,2dQE4DbhXJ7p9E9cAVgGct7wRVaNMAQn3Ab,100.000000
1207,U8qpEnYGZ2cDEgbDSx7AhzvySZ8bKNmuZn,2000.000000
1208,2MZCJv2TrLq8Lnmj1AKq7boxbxWf2NfR6WL,1000.000000
1209,2ZKWWGiqV3r3bEdKfZunLvr9JKVso26eYP5,2000.000000
1210,bHBTTVv1UqNF7U25zk4Z8TGV5HZ4kTT7eq,1000.000000
1211,2HoJo4vE3fLMJtNinnNfUuqxWU8aPxquSvs,1615.134000
1212,NuU8Vub4D9qdNdHWYfvZ55uW32s4N8yPMN,1000.000000
1213,aFTJmX7DaLMBpeHqsEDaDqC4mvs7V9B6a8,45.000000
1214,eyKnG6Uf6XDCuk1RGdpfdY8QbJei8qnr33,40.000000
1215,2dSie3UCMssjNaRyrEm7ArS2MKwUtthXdej,39.733000
1216,oaAvrEcMR3gcGLA9kG24Qemh9Wv9gA4oFk,2.000000
1217,LgTezDpyz1KEos5bk6g2PtEEiLa9es3Hfp,10410.000000
1218,2kfinqfdnCoafXW5ZarXKYdyUjrNCtj8pV9,27190.000000
1219,28oDnpinrVJvMH3s7f5tqjKaZRJdm8pxzcy,10.000000
1220,2bP8NY1nsqbab8gPWiwQ4ZrQJsnDkSXJSXo,54.000000
1221,d9PbeRNYpNzJHGjTPVKNWW6RC7AZ3RGWDL,500.000000
1222,jZHctrvjwf5kazjWkWSEr4Ebr4oVhST87s,500.000000
1223,2F5HzZU4RNYZbjmbCCXbDAsHAcqmAMZkpkp,3000000.000000
1224,5ZGJpN7pJksuVvdMt3aZ1VWxPAJFSwMkj6,1.000000
1225,NzbHkt3XT93SXyoMkv7asfiF8pfpFgggbT,508.000000
1226,2FBbsuEDvGmxWpjRi98yWwLfixyd138HpTY,1.000000
1227,ncgwkPofdb4d9Xsa2yD8tpY4x4UaW2fpKx,45.000000
1228,2eDtgTHAQUn5r6bQ4ZaYG6p4Y25u4EXm8DA,30.000000
1229,27AKWwt4pxtixUM9PAG4J1at7w8oBivJms5,3000000.000000
1230,2jQNmQAfmYyhvQ7EhptqsnJzqGPU8zQqsGo,1.000000
1231,26zdGqQ1ZC4PVF5ujCQLq8SW5fTEsxvhrYZ,1000.000000
1232,WZDDfd54ZtgLuSaVvGqKj6KpMXzuiZnsez,202.000000
1233,Q7cYuwAAxHQcZetcUDKkmE1vRR5xdkmyD4,631.368000
1234,2EKnp67UGoc7p6hcs5dnarKkPbh5iSYRFs,6740.000000
1235,W6pUeEHcEfHHnMxYcR8ug6EBgrgg6TrGb1,200000.000000
1236,dcVqvGRLsMS44yYcMg9KcZVLaL5gSBWjJf,2000.000000
1237,2CewaPmwtJAGN5ov6rEX7Naaox6gtKKyMND,5.000000
1238,bM2BWgsJfvTdMo5NnYbu39pNm2ur1XQQ7C,419726.000000
1239,2Uog6unjZaZTV21B2BEzeXbGdUbCdr4S7ae,458.000000
1240,2T9SW4MvfPYYNLEF6816bGjzRSXHd1BJdqw,500.000000
1241,2GW2zRVkxUkyGGxb4jXvA3TJVX13eS4AjTU,3000000.000000
1242,sCB6xsEXGMPyjmPuQycCNUuowdkAUHzhat,304.694000
1243,2AFeehomMRxbhSwy14dp1LzQ31G6XBckCSi,85.000000
1244,2EvQ2MwPeqXqaHs9qRFzWAoByz4ph64jSKU,9865796.560000
1245,24Ut5oNzGuUEoErkTT9Nt3icsWcGivAcJQ,209.000000
1246,umux38qihgQwrCpM3td3YY5FneSGkpVNJ4,60000.000000
1247,2Yi3ieRKg42bDhRkg2g4fvpNFPLGQ7f7XF8,59107.000000
1248,7wRAJwgTfBrTvr86Gpzd6GVpZAo4BBQkoR,1000.000000
1249,HDP7wUU3SuGp763ADDEgMbdsWcBtJg1FUL,14986.000000
1250,2JyDYJtx6SXYhw8KGU3eqdXt6BR4eUpgy8y,4.060000
1251,PqDzUjfasNXzs7fG5NRr9wwW4m7rf4XEqs,57.285000
1252,ndLe7EUtUGSmhYHwZ8p5tJThk8zmTGaRHt,100000.000000
1253,FGj6Ysqtm14ietKeJLZtGXS4biVxeXLw3j,790.210000
1254,Ffij3G181tYkJMumEwhSbYfsKxvuSanKRe,2000.000000
1255,ZnhSqcqLasS1q6xCSeSfi1aaGoUNubN26w,300000.000000
1256,RmoacEK6uFFYogjpaDQafRZXX8ZFRsK2kJ,292.000000
1257,2YePhZ6FivUTFYK9ES1CTiU6cJvrCjDLY1B,1000.000000
1258,2R35TUTcKDbXscGu1xCSPQU2KUdx4siVkqt,45.000000
1259,2ibW4FoLyg1wCHpgeVy7YwZNCVLjfSKjCMQ,2.000000
1260,23XWhmcbvDta6CSFC1gh2hiSUbxHjEtKuum,4528479.000000
1261,2MY4W3DcnJPYfNBLGjAvLbkWRwABzhDnsvb,6.000000
1262,A69jcKJz6b6ujn6UKRoFZRptYdJ8xTXvzS,6.700000
1263,2RMc9W8VUxHksQQD9mtjkpSMYbTazJXsnsM,141.000000
1264,2Q2FJJKULZHjbYdP8Nx5C4cBpoX8nw2gh4a,3000000.000000
1265,2EnSJzmbNdKNW8BBHavyTkVtyt6Y7j25ETd,3000000.000000
1266,2BN3gZr8P4TKbjTjASUKFGmEHdU6w3getdB,500.000000
1267,KR6sPjZvE2KfpAEpmMCdqAvCrtASpNADHK,9.000000
1268,m28GT4EKX9KuiFVU8cMHt4zShphc74x7XR,6164.827000
1269,4pwW7A7taRkb1eJc58EYAvXZAy1FA3f4e1,2770.000000
1270,APq4CXoCSxwxwhmMc42sxa9yvnCJCc7A6s,36.000000
1271,2R3MVa4AeY3UoZF2nubYDuxTesU91kiD2jd,3000000.000000
1272,QMhpwU6572v8Fx1i6zzmJj2NBXsEJPEso3,29.000000
1273,2W6n6zqBNCWeK6fzqnAp2gpfr2sC4kXBFDr,7383.000000
1274,2UqzCTboRBbHT2Zt6ivDjBvd1QMXgMiEfxz,2000.000000
1275,hALqD8kD8woWiNqx7AbVzHmmAqBpDFzZax,130130.000000
1276,2EfVWEt3Z4EKiESdCcvySLtmiboAiEBn3cn,4.000000
1277,7KUyeoKhEqDmCsHtTHtM9trEC9KUhHmDBH,1000.000000
1278,2JsQyrvNsX5jUZ6whP4gEJQVmz1121dRSNj,1100.000000
1279,6QoULeto8qu1zWUcau83VnL53zpLmDaKi7,30.944000
1280,BFXbXr6bY4T9MRXpitbfShSnU1REu7sZ8W,32.000000
1281,2GHU12Dy6DBJnFs6fCnxhPZaXRFrk12Lesg,22.000000
1282,XhHyy4R11iZFSTvfXtLnicWJc5qTiRma68,312.000000
1283,2GDt56reGMhVmchd2RogvQT4FYSqGFS8RiZ,12000.000000
1284,2GeJBXsoXuV1DMfC6u8Nzv4pe1kBp2FZdfL,7.000000
1285,b8KG4qRuxkHt29mpP5LNUuwQwBZhUG6RJB,3000000.000000
1286,17iQzfB8Q81HPznhffKuPkvoLuMDCQNVHT,2000.000000
1287,2Mq8pancPZdwvjp3fAdchLf7paCTE788hJ8,2000.000000
1288,EaynpmcfaaU5QyUSTuNSeuiuZmqeoraW1i,2000.000000
1289,6tfnJFdvmRRwpULgmKBvZKa1Ktg9jXpnBM,790.000000
1290,2B7qt9rG2k26vBUVKSMwRdf6Cf48WjVnUP9,1342.000000
1291,dDuYLwRQ1yvt9iQetEKrUGhPivAxB9n5M1,3000000.000000
1292,Y8P9fzSyFocAgxJBtC7t68FuWDSi6YytKW,69.000000
1293,2HViBmDxAN9vMLPKzPATTmEsT4BbqQssvLK,1000.000000
1294,2cEnxLn6h2ojHGC5TRS2BSSy7fgfFodi8dA,3000000.000000
1295,2jAZi3bdhHrEyJ94G4p4dsKKhYRZcLcjMu3,20.000000
1296,CXTjHi3RrUVu6rf3yNiJXbuCeMreSKA1ko,3175576.000000
1297,2Ugs8VtZvugML1W5imtk5oB3cxoeNbV7vui,4602.391000
1298,hqUkzTjVswhFyPXMVPVXjXRnmL1hWvZr3T,8.000000
1299,2fWL2anKqS7HE7BTaX6X2TyqHhkokqKCoz3,10.000000
1300,93KnTb5eVE6wZG4YQQFf3cvGc8QRfoiJQF,18.000000
1301,j3F9SjumxX6Pgva5vADuNdGnMAZknRvmd1,1.000000
1302,2CqCJTuVhbePziEC4MCts3bwETiTBXV51H8,278.000000
1303,2D6ex2H14T92pFdmY7nHPyaLTN8TTPoHrp,2000.000000
1304,FeNGkHXAwUr9ULU4eW1xk2Lx9sbgXcrCEM,765.194000
1305,2L3Ut76JzuAywxU9TbuHTeFek2kjzpWxatJ,1.000000
1306,KAVUbknNhqJg8MCNTBaKnyUn7uHciXT7Q2,600.387000
1307,2KDcxYZ46pQaeVSDMwNuAXzmV2Rr6sBxJhm,3310.000000
1308,2JiBNXp9ifnY1Mbvau5wM6BgY4okz2cEvW1,47.000000
1309,198X4ZFU1xx6g9iVfoQMTg3HhGAsMCWXzw,1000.000000
1310,6PUPERWu1SvRSu6yYMK1mh2zo73d8efvpD,9531.000000
1311,2mNYu1v8tx4wriKdL2rQB2jebEzxmg1d4wt,320.488000
1312,3Lrz2bDGcT7DprDeMJZ2guEyivAJ2phvtG,3000000.000000
1313,2bJsY7zjFH6iq6Fs1fnyX2LpzB6rPXVPWXC,3000000.000000
1314,2gJM55w46KZMoY7qFCqRQphPPwxtc82PbuT,62.000000
1315,2KiJe3GfeX3nD4YfN2we3142SWwLy2c3K3a,0.940000
1316,cxKsfvhxinJZ1YqtMcCUFkHs1sPLqhVUwd,126.000000
1317,2UVz4XAjkWnwHFEb1Pg28vx24RMExqXCdBQ,166.000000
1318,2maM4AsPmQooFibZcGg7aXZ9w6oiGdFidWG,364.000000
1319,2GrVq4gY18AYCGdT7FvBTiwAJFqBHPJHeoU,500.000000
1320,2P3e3VYBkVaRUyarDxnAZUQ6Y23hocmwoHw,386.000000
1321,2JmF5bv64fDb5Nwy1i1kR3iPYSaWRmsfqY3,194.400000
1322,2mPmhZd4xiSPiGY8QT3t6CKAs7eySqfHJYE,926.000000
1323,egDFMwXUEJJ9DbP3Lk3REHWquZb4wKLawX,40.000000
1324,26MLbQBKtuEnDfaveoUUw5RSaSXT8FLFvCu,1.000000
1325,XgmenVxdY2MMGFJWc2YwcvRzVUa4sL3382,2000.000000
1326,2NunUx6gdwpf9XKeCK42RB31tSxQTPmZbjm,3.000000
1327,U6HzG2DhKeLunxMiapjeNw5HwUqnSf2oRC,1098.900000
1328,2Qys12gJkAzYWmTR5c5yuuRN361CLrM6sKE,26.820000
1329,ZZjAVm5ZZwrdieebSb29j4jeh1YUNyivzX,1.000000
1330,4iaC7giZMGfMz8YrHv1gdBCpze63nXqefX,1594.000000
1331,2D3TRJ5zZsNfyJxfxuuadFJZCxvVAmsyh5c,15920.000000
1332,2EWsWb57NvjHYWFtafj9icHaJaWXasYGfBv,100.000000
1333,2WPNtgRiEKrzkar4fwnoa8h4MH57eWrZ4gP,1.000000
1334,vp19jS8denMyTZbcbJ24JFaoCFtXZD7ebn,100.000000
1335,2FM5Z6MLn3D3N1W4fyRJgHUTzJSUUzWbxL8,29371.000000
1336,evKLZx5uoChzHUyDSc7A5PiuZ5HqUb892F,1000.000000
1337,qV6yEoqCopo3rBPdAkfV18gZ7PQt7sSZKb,58.000000
1338,2AWnBYrsvsn9s7jEDkYpwErFte2hUUJPzW8,500.000000
1339,bnVszpK6c7tXwwmrQhBGVCD4PqDQ3BvZEP,20000.000000
1340,21khUiCLTjn8pgJ3rtiEkw7LRZkjz9i4nJt,315.000000
1341,2hFgoeciLhzzWTgu9fwKZsHZiy6i8ruodSu,76707.000000
1342,uXKsoycWGAF7zDwauKnqtrYyHTTW1R7Z42,570.232000
1343,23ZepZd1z21F5UiQTAq4y93XCrxRb558PGs,1000000.000000
1344,wcUXa2Dick3TQ1ViP2hCze3W6jhfD75pGX,101.000000
1345,2h4cu5HZQabwcVhXwk5TzU798bUZpVEcsf8,7.000000
1346,2fbS9nqSC7e7VF9WQDQ3c4uHUHxJr694VFJ,1.000000
1347,6eWpZ6t3J2YsDundF6nsYxeuxiDm5E73NP,15995.000000
1348,2TEtyLm1M1NdT6H9AZ6cGDEkamscpTy5Fme,56.000000
1349,2Hy41AQGKYfpP3BRGUNWvNTTVuUbUt8vYzs,190.760000
1350,EK3tyXv2Xwq9dNpgxZ14GKpMTpkdTt8zRh,1481.000000
1351,Ufb9cu5argbLcHMotRv7rSLcuDDP2JGHC9,799.000000
1352,2ZmHanrfWnPktXwyksXaBRMPeBQ2rhtyR81,500.000000
1353,hD1TM4mY6kj5jf4ba9dMJ6VXwpsLm3abUb,500.000000
1354,rfFaKEh5nxqs1twdQZJphPAAq9dkh8wcyN,1000.000000
1355,Xcf1F5whVq8pE7BXM98aRoFYQ6GfcmYk4E,230.000000
1356,2fdkHSHovAoS62YbkAgtZaBBowazrAMgdnU,125001.000000
1357,LBCSbg8urCRsFqgPhTnkUMKwZNCfFYSdKJ,25.000000
1358,J7Ln4EBPM55RQdDpcLXVD4ugaU7HvJysNT,28.000000
1359,2FFeATEnsPXVpSLQiZzBiCDdRE6BcgwLMqd,10000.000000
1360,GaQkfmwZZBxJvJuhb6dh4ECLaXzy21DRts,12.191000
1361,2jGdDDEMUpvz1yRbUdAPYf6hM2XbXtZDuP2,2870.000000
1362,26TsEVK8pUjQQbVjU31MwwAhfvj2vPEAvHL,15150.000000
1363,b1b8iVegutD3H3NAR19TZZ8BLjS6rinThm,1361.636000
1364,2MDXFJfo7kHFP22X1JZ3aFbDebwLpJsCzL5,7658.000000
1365,a5CYvqfm1AnsD2vr3nUkMLrRct11DqT94a,261.000000
1366,2KsnqTnxvC96dcXv8meqeJdTYCn6uMGvgUH,14.000000
1367,YNM9YR6ZziXCPhmb9KqiYcqDnmbq8jNj9f,2000.000000
1368,2mmgsYeoAUAPBuLNGC6EARV1MM1wLUt929m,866.657000
1369,hHVGPHW6tF9LLjVg4nzLJJfMCUHTRNd8tG,78.700000
1370,yBEdYbyWZMfNcsTFa2DddQDgccxVxTA7zB,100076.000000
1371,2GZ6cN1pFJpcsy3imWnUpJqgu2QUkg58hQA,100.000000
1372,2XfdUbNcrqVkTwDR7zBHonam5xSBGp7WzKs,287.000000
1373,23XdAcc7RogLjJFbkUkdHYXAyWzdX1XsZha,14.000000
1374,2fd4jPys2ZYm6bYKHaRRLUuHqk6cNSQPGSJ,4000.000000
1375,2eaQCqT81QVr5HHzQgtfanRq2L57no59Y5j,1000.000000
1376,L7HsuBCoMZGp9wZmB5dC7BAdcy3S9nG2Tk,80.000000
1377,2fMXj2qqc319NnMeMmg3ru7i5iA7Xd4CdJ6,2000.000000
1378,f2KGyjzF2DJn9cQ9tm8hqTLSLKxwpMWeeE,1000.000000
1379,JCHPvapYRyW9fwiaxvFHr7XCtxnNmmqsQ2,11.000000
1380,2TgdtUzGYLi9kjSNj9YoE2HrtYph1RU8qJd,1427.280000
1381,22izKogciwxzt4vAQv4KugPripCuGKsuuK6,244.000000
1382,sdfjGBcLGEML1N4Rt4fb5X6bMXsVp17czt,1.000000
1383,2WLqAkND2fgGD7r15tko2HyCzZxBNqDwaXu,1000.000000
1384,2cy6yAQSyryLXLGZw8QJoVfr7ULAftxS2dj,500.000000
1385,qcmWnY5Su1zoYUTkBCCFrayZvLax8Zkzw5,16.000000
1386,28JJnJBW4niYu7688Cd8FS66qM2c6GTvVx5,103.000000
1387,xYUAJsPG5BUZuPHwuABNEPJBpf6KVD7t6J,2000.000000
1388,Hx91dQN5V4jhsLfDNKf9phUQva9cWgX4ay,500.000000
1389,q2jHUtjrFU8pZzQTdRZADGnFQGt4LXSz55,2000.000000
1390,2M15o9wK3ibPmpSYzpdDuoQ1WoRkDPj87T8,425.474000
1391,2iEj8C8vt1YJvhfFpNgEtrrK63ZX5UWC34W,2000.000000
1392,osBUSCi9T9Fd8HW8Ekd2kAFLvbpy5xsmbn,0.030000
1393,2fUXojDmgMttrCVpzqrzZd548nE6WcxSoyu,380.000000
1394,DsbzCU3k1EVevTWS3bJUQS9h9ekgdwoLVw,100.000000
1395,5bWHWN1J7uXaHdwKbHHsR6ZsmP1etV4sAh,10000.000000
1396,23u1HGiqYkGu9tg22eBQL316XzBSRggHVTc,59.000000
1397,gMNDTrkEjTHSGkqUUKPQUZBHqNebQESkys,55.556000
1398,2d8dduLe9e2ZWWfULzb1csM5tc2AoQ6f73E,1429.000000
1399,2f9rMwphs8f4EgnnDtQUDsSvfxg9Nj75FeE,3.000000
1400,Wb8M2aR31ineGf77RwiBqB26oU6wK4BHqZ,7500.000000
1401,26WcJnwq8L8YgRZCzwXN62m3i1tL5AZZH1H,499.000000
1402,pXtFE1TY79MR4sf23ADk7vnS1hmriVTVJ8,100000.000000
1403,2LoVJbcLQeFEcbL1kNY2t7MNpzoqwJKd79g,1205.231000
1404,2d3PzTm8YgAPGK6Z4WoPbxUo4yiYsaqif8j,30000.000000
1405,2E9XqF4mjdoDPe8zN7vpzbtSjoyMcpr2pKY,51.000000
1406,qe5FhN8GCbniqmS6CFAT9f7ZqNEXz7HdRG,2000.000000
1407,HdRJUeCs1UZkVsMH7Guu2wZbmgSse3X47Q,2465.000000
1408,2bRqbio1erjDLJbJFEiwYe5nzZrgV6oQH44,228.000000
1409,eCE878UyvC8XsoWwxJmbRa8cHKVoKDesoU,2000.000000
1410,2N5ugpmUdY3AvmE85Mp92NHFT1CREToCiCZ,2000.000000
1411,2PUz72u1jZBoB7714243rH8hSrveUDZrGbo,27700.000000
1412,2iUbSYBuRywcFQKQ4WvdWX1ZJP4DyXZvGzC,14104.000000
1413,2PDo6XPzZJ4vo2Gf7kkS6GzmDUUBew1rK3K,166.000000
1414,uU1cWFfvNEw4WfFeSCYvTY8zSbxhabmJhP,280001.000000
1415,W2NnGA1Pw1FECWNvMbfbxgUiTUXFVz2wr3,14290.000000
1416,VXFAmBpBhsaS2JaBRH4qJpNUnHnHMjqA1w,81.745000
1417,SXWkP3Jh36iE7ZdNTKPLhCzBSLekiqh1D6,9.000000
1418,2TjNHQp1VxQLtHhgJqbVtp3GPWt4hmKMrLz,200.000000
1419,8TCwyGwgCas3xrY2po35vBYDzQLd361xQv,970.906000
1420,w2xGLPgGgyTkSVnRgXhyiGpugxCFyMAFpc,3000000.000000
1421,3TUKyJPq9yf4trKEyQ4fevH7KkV6aCmUQ7,2.000000
1422,2JApEZ4NVmpcCFvXfCCqkc98RVgzyMsEU9S,90.000000
1423,2BTttXwBVcBv5GvzGiW9V2aBwTfmkoT1DeP,1100100.700000
1424,2UKYpsVhiKW3H36SAVZy9CvuBEP95MfMwDh,9.000000
1425,25W3dHEiqce85S6KsboMSKfAqUUNTuoJwtb,7.000000
1426,2SMVpwpJnXePCR8sDqX5WDqmLz5cwXWiGb,2.000000
1427,Rrnj9UgNthsLGxWs945pVACZgoPQ1dyprT,53.725000
1428,ZWH5bZXqdizLSEudNNRWiGLETZcEtTRjGB,1000.000000
1429,XNNyN2fSUGkf3xDw3P4CNk6Tp7xfzmun6b,2000.000000
1430,2DTQZUVoPLtV8AgfDS6pBPVEiC7Zh9msRGo,15.000000
1431,23uZm8rjAnTW19SPg73J7RTTdKecTG7yLQz,1000.000000
1432,2aXYC2hxWjTB9Ub57MXCmF3vHYN4zQfTCTA,2000.000000
1433,2iYQYc6oKhfFwyS8uFkMU7ZrBJBZJRvFbHS,320004.000000
1434,27rwnEQm7cRAbnTWxpWAFEs89hpLUT8VwTi,124.000000
1435,Gwi7GiBubDEixUCbeYH4SKdWKXQ2Ma3PR3,474.524000
1436,E4aZCU4FRdSFgBu6NvnjCJTErZZKyAVZ8v,100000.000000
1437,JfJnmxjdVnWtM47uJnGMQ35XQFdfkuRwHx,1387.000000
1438,2NoewH7fWqqLVZJ2ijVAw1otRyUipuruKoX,500.000000
1439,2mMcWEqUn74kYggb76XpLhHMExJy6LA7GHU,50.000000
1440,JCnnjJXhvdd9kZcaaYQko4ssQRnn124yqP,1000.000000
1441,fzm4TZv5LjTqn4KAXHRF82yR8UP2oPPPPs,1000.000000
1442,2mggDXqQTotFMRdynMAqKHC1iukBdcajsvn,1006.000000
1443,22GAeUwiizoWX6UZ5sFe6oohjARMVuemaw7,1.000000
1444,oxRK9obAsRKY4b3Hf48rnuVbaV9gwMu5Vv,4143.000000
1445,2PVHGr5dxSeX5SkuQfHs3xSAhNJPD3UxSCZ,92.000000
1446,zaURbf2pYteqJE6rVSXQp4YwUDsPi59gta,50235.000000
1447,2ZNJ4SA7hMxzeydEigYXWzs5ami1ps1PYHf,190.000000
1448,uhiPSnj1f8bq22NbK361kGmvTf9r7VtS8b,500.000000
1449,qeQNU9VN6ecojRYrQ28kFKg4HcUJvzmbGX,1000.000000
1450,221oxRW8pXjGttt4Mh4tozXL8ztgBXJhWHR,50.000000
1451,yvkuVsXesQDzuAigY8rpgmmueEpDmsh6Ss,10000.000000
1452,6LcbjUCsw4RuNefwJhaVdZrkH5a3dCrafD,100.000000
1453,2hzKvHF6aGpNQ3N1Wnxtp6Q4sd2ZDQbWjdC,22843.929000
1454,4jnaXtyb2gRWnSi4YLz6ZzV7gZ3eEkn61Q,391.000000
1455,2H5mmwbibJz9KxpwRAuZ4ezvTSDL8iNUQGH,3000000.000000
1456,R5AAoo8HPJjtgYLLK5QUtzGRiBzBDor4VK,500.000000
1457,2ZX6A4qeXsukiTXLYWd5FWHcEJ3yLnBh6KC,2300.000000
1458,2WdXjvb1YHSbMrCX2ydA2zAbbsSpka7i4KX,2805.000000
1459,2ZwVxPN7eUfKnetj2Pvw5uEaGDcjMMcy3XS,2.000000
1460,22YjaHZBNaurhCy3Ww3c1LofJCPAWJd6Lw6,6373.000000
1461,ZoKM8E3AWAywfWjoMRbWspw8d1tHW12DNY,114.000000
1462,2PjnPkzXx6dv9NPPRFGGg73y9TBDbANmyRz,25330.000000
1463,2nH3kXcbAPrG7ZSkoZmFYFs6aBHgViLvkB,1207.439000
1464,aSSwSDhK2aZqxmy86m7bDZcttfjtpW5aac,2000.000000
1465,24rGYMdxBNU57DREfD1DVpUFRhnrKXAs9fc,201.000000
1466,UF5wALPZtvzBJutBNdnnAatH6GLwC9yQTw,280.000000
1467,AWZ1LcgS1jhzvncM75hGg5PL3Tts7AfrZc,3776.219000
1468,CvhE85MqYzyJ6Bs6UECzSiCGXDwyo21AEh,74.000000
1469,og8szHE1LNBeS4PJrfUK7JFjxifaxWb4Xz,7.000000
1470,SVKAPHYBunburEejizqc65E6f4t5vf275X,4.000000
1471,FNs5ECPvUdhi3mHvM7m7zJesVEi2gWJuYy,220000.000000
1472,2CTtvNgZMNGGyhBmzrUT7bJcuy1WA1VngsJ,500.000000
1473,2gY3Sr9vmBBVdtvgARPPUi4BTCY969hzC5j,64.276000
1474,28jRuPmmvHJSuob1qajvF2UXJa6Mhf4qQxx,500.000000
1475,8Y3zJBExdS615LLjxL1ACc5Mc5SV9PfGbJ,20.000000
1476,EJtb2R83XwX9miY67gEevtrTiPPZEpscvz,905.000000
1477,GHeJQY7AHoJFtPN29mKzPTSBzoWP5Ac4uy,76.000000
1478,2VhBdhvFho1195QionG5GDH3B8nYjC8ESuv,1509.000000
1479,xwbW8BertELMeViuKiFm3HyNxV8UN3PARP,3456.869000
1480,2m3HN4XZY77PYcYefQDfg4HzX5cRDp1ewPP,600.000000
1481,2NBAnNiBNpj9ySFx4w9efsDLxsBRzt2YCh3,2000.000000
1482,K1ohVrCLmbjx4wNkPwyS9NjbvwhV21dYzi,1000.000000
1483,2GP4tLacMk98tV4M9tqAzv6sUpzTeA674Bn,1000.000000
1484,UkVNDuGKCojhkWuz2JaBoKgVZnbP4Uk4hv,1279.267000
1485,27CWQogQTN2Aj6LPMS2q6eGQEnT6NG5NNeJ,1000.000000
1486,rpqpDz3pt6eDCZ2Yc5dT6JgL4ibQAXCpL2,200.000000
1487,2d2VY1ttfjj2HvV5by5qzXbgprremtQ8YyM,12.000000
1488,2NSpzG2kADsrX52Ca3WFycE8Km4F6V6pTkg,1965.000000
1489,vuBCwaVgdNDWCcRKAsC3RMgzFyALc2LoPc,9.000000
1490,25RFuuA4KV1qyNrD2HK5MEXFBthWSmNYWL4,72.000000
1491,ewx2bSiw86A7HJaGPcUz4qUWqev4BF67bV,161.000000
1492,Ws2vbLTXJpZSYEGQfaGq3BP83YLeYnxT3C,12.000000
1493,29zLs75D8SEG4BhbDBRQn97hWb1Noeb9VSR,1708.288000
1494,iQrA76NQ3LRQTUUBexikBptgj4Peoa44Uu,2.000000
1495,B8caYEPbDqajHFw9MztnUNkiiVf1PDCi8A,200000.000000
1496,iGPLoPHyf2xPDaBKcodHEFL6KY4F4LYf6J,1000.000000
1497,vWDUmmLvC2fMJ35er8MLcLMK3KXmwkPiuG,2000.000000
1498,skq4VLqJh6v8UyyLJBo5bBiRJ9gJxtsGTM,200.000000
1499,ZS9FHY4RqQN2V3Anh3MCNZMTd5ePG3g75y,1990.000000
1500,4QdKrDe6ezY3yaCjT1dmyUJCV3JrYDtLmN,113.000000
1501,2g71UQ5C6j2nPy8Wezn9pacrKgyNUqmjt8S,2.000000
1502,2WfGhqf1QhrvRMbhErd3fGsgtSprztoaTSx,31.776000
1503,XQkAnkS9sc2gbW9SYxMuZ5yAdo1dRspuCk,40.000000
1504,2FsNZfoxXQ2tgoXLX6at9mnsAiiwTZ5v7vM,100076.000000
1505,2BGsDUGVbNfefe7JKTUnKp9AwbJgKnhVY3s,10.000000
1506,tJoVzZKVzKDTDTUhtWwN33c1NMi4s2g3oZ,2778.000000
1507,EUGsK5WofhFrwh617TMA5hcUPVR6y5nBtk,1000.000000
1508,2XQJXVZuUSNvAc7BfiXn7hbcd6HGPabJShv,32.000000
1509,MQ2pQV7YzXw1EVWJ2hZ9KD1h53nrg9ouKX,20.000000
1510,2jPosYeJEJVv1ahASGziEZMEca26cPFPBpv,110.000000
1511,27FuxXdxGo1TCPzkDkWWAyadxkReqGbWus9,2000.000000
1512,242uBT9KWzxXMZ4GPcRssbKndEBXjkcnXGA,24.000000
1513,6oZkNawaSJmB5wvwZgRBcJ9idryGK9haik,9.603000
1514,24sQ3U3aa219HoDiiPXHo3b8amsTzpuPuFG,500.000000
1515,KJAoAPwF2329e1MCXALhztyVpGXc82VDug,84.399000
1516,2Rz3f8iTdoC2yMf2WdJbwPzpjV4J3MseQXo,1000.000000
1517,kpAaEwBn3yW6N8CwzfKRvsf4BojXV77Mrd,1401.000000
1518,gcRYyMXpzcmuQGgha731YHnQXxaAFSxNyj,43.000000
1519,k7cnHdRoREMF1DFM29swnSbAjDWeyntkz7,3049.042000
1520,7jiagABr5qnVs7gJrVQMxoygtjmt8zyrGw,1.000000
1521,2YZFrwQxHQczLXoTytEBwpHXQahdwaSktsy,1000.000000
1522,2SxMKGSYB5kRngHV4Xekp9DyXmebSqhNFHr,1000.000000
1523,WyfSKkTNGdBD4Xek1TNft9Vo6G4YL97CWp,5001.000000
1524,1GH31FPu53PmQ3gfGfxdb2MAisAmxKZb7e,46537.638000
1525,tT3TmUy6MyErq7u8zuJyQwXRJPo7iTpQUm,1241.000000
1526,2k8t9kAW8jZtmxF7DcAjqwPHcdGHFcBACHs,535.000000
1527,f9V17uGCJgzAz6BaprqagaUE3Bw2YvXmmU,2000.000000
1528,24hCw5L6QXsz1iHyi5tt46bZPjTwiFSqmH2,400.000000
1529,sdiNN65HQ1FiXaW5LtEdhwsc2W1V5C4w1z,212.699000
1530,2m9SQwogaT3GUaLJBqE3KxHGfeBj8L5ur3K,6.000000
1531,2UErB5KGk1GvZ3kebUTf2qrvxu6JQT9KmRF,1000.000000
1532,2Bs2G9cn7oG61aBuArGU2H6RmNZWHvZsDTq,199900.000000
1533,VqYfbSSPeTokoxqDCB8hSQKb6xqQr7SGJZ,2083.000000
1534,iMvWzT5nfaxdp5qb64b9sPUaN6cHTurfPT,19.000000
1535,acb5r6PkdHpVPjwoHMaqrDf9p2LxLnimMf,2.000000
1536,jGYJFEnBoSUNxrNK4xz9fgR9C8bjBtBnsu,7.000000
1537,23qB4xg4UBVyMe6CLB3dK6AwN9RsYprAiMU,500.000000
1538,2ghLcRqUX1gJYopszN6C3xehR3QeG9sbkjF,8.000000
1539,31UdJKfA8FKgs1vQgSMFWMJpd5Abu4vHH1,8.000000
1540,M8FUQ7tmZS263mDteCqf66TtHjEKbUJSTm,140.000000
1541,2WhcsxUc6j25bDbGrgQTEErfh7aWqChVJ4s,8.849000
1542,YsLN2mfButSsaiy7efcpREQuuRy6Rohyea,1600.000000
1543,D9xqW1VhCAuvC3qG3jq4ViwtAdfjqrpSty,4.000000
1544,2htR9in3hk62rTgVXojK2CseUMaa2zGGQxP,5.000000
1545,ddDDPXuoZi1aHJSr9oGYDdvpsDheFr298o,2000.000000
1546,8sHH8FwF6U3146SxpyjoRL3YqbrJ7MYAoF,2000.000000
1547,N2cQ5oKR8fgcZvPf39qzJ9gR6hj2W8uUz3,500.000000
1548,2QyMmdgpWrLZspmUBpHa4BFDEgDTbDLwDN5,29.000000
1549,2gnDfVDoS8TR5cJejxgVSznuDGR9uKbY4vj,102.000000
1550,22aE1pooVge7wwJAB9jop8wTQxRwED9bPeQ,6000.000000
1551,eH9G1v4dqcwvbEvYuoyiCsa8abWr99rBCN,470.000000
1552,4XwtrF1i7QyM3jDTQPuiBxV84FJe76ywpZ,10000.000000
1553,ZdcSS8kogticMiGUTnHNjzauEDPyEgWd8H,500.000000
1554,jq7j9SBicpgG1FeJgKuRdtxeMvVk4mjH3W,20.000000
1555,f3AxjG6erhWdbHdh38yVBma4DmX5kgYZM5,2000.000000
1556,22pjBg6Em72fVVn9J2UQCanvUyxgFyp75Qa,1.000000
1557,w9rSbMzR86KF1hShxZNzhSBiNsKse4te8g,3999.999000
1558,8Paxt7FqxorcQZATBPwEZpbkPtQenndSba,26.000000
1559,2GTS5c6aNa5uQEp7NywVrTKJi7QDdv4G9SS,1298.700000
1560,e3FfKC52sFeHLBTzpzYJwYSkUeiqkrdVJj,2000.000000
1561,HJJntX8iWmAiUKKFJEe6HrDK8EHd7LC5UH,64.000000
1562,2Taf5EUsp1CQ72mtoqazC79NbiyDy45hEuR,4.000000
1563,fwJ56n5xGnK8PRjDiYXRMWE946cXPxL5J4,4.000000
1564,2X5RTJv5xJuvWNCyVfgoB2ZksS85Gc7VMh2,89.998000
1565,EXXPU2xy6b4VT2zSmAX7yNw6uhbaxu13Yw,24.000000
1566,2aaAxgELz3dDkHzbFUZ8HGAnT3sSmeyborX,21.730000
1567,b2u94DspZbE4CCTuM4ZLb7gMeBygDWHx5G,1000.000000
1568,2fMdVkGAVwAS8uL5DRjUfxhtEto6omHbdTk,25170.000000
1569,4m7Y5jCrUxLwD4ub7963YJpDWTx1usqV72,5000.000000
1570,NwvcfyeVjvbFCDcVt7JgTgtzB5fL7rrDcb,1929.000000
1571,2Lz9ZE35LLj21ZVtvZEDLnExLRWWzBhddqt,18200.000000
1572,diGshQzMFqBHMKNWpBqmgy6bdoPodEk9m5,1000.000000
1573,oPra582eEwKBgHFSsnhvwR5itbZRLP1ktX,9350.000000
1574,2jsST9HPAvypiKkSkEXxJahcTGmR8C5ZXG3,1000.000000
1575,Rw68wydU8cE33YLnNYq2eDksARfChZYFEp,3000000.000000
1576,wGJrtF4YT7RSAYYbUhQipa6Yxz4mJXQBnH,4768.150000
1577,2VEgHFmmyyL12nniTqNmk7MXEsJxLThG8M8,50.000000
1578,2xpXBmcRLnR793WzCMNyknirGqnuTMFCPt,5513.000000
1579,2FiNYNLccYGn1YVrPNELFoduWa4bVLox4RU,2000.000000
1580,f5fiLpqgYbWWjLw1iUm3q7EeHR6C8CUL3X,298.000000
1581,QTkHNWcT7mY78rvqDx2KJzfqaHTLLbo155,1000.000000
1582,u8AiUH3mxCCq1M39EsRvpghxsoRibBQ7pv,1000.000000
1583,2iej2x3fEk4sraSXeShVu65KH2NUAvJFg9N,3000000.000000
1584,27NKryTEmyNrwHFMHj83WAM1G9ML7UUbH84,119.000000
1585,2kKWapxzgG3cp1TF7crhfH24LmeWBQHS1Dw,8370.000000
1586,HbP2UXZ9nmow9w2tfF4TAY6JzKD9c8JFEU,2010.137000
1587,ToiwHenZuLhR6wRTkcLxkfcUMggNy7h4Ek,115.000000
1588,RD4kqgvgaNE6VstZKTHU5exQPP6d1vBS9y,1.000000
1589,ZpLJKMpqPCknakSj1imWf3cdDA82CpKxpJ,20000.000000
1590,2ZijsL6n2Z6xAU2JDxctfWzcPHDkJ4t5pST,2.000000
1591,2aTJFo3crajvmjSiLxWd5ANLWye363qcNKR,1.000000
1592,BXHW9vzoZf8VHwRE3oBAknhuhAiHRqHD8m,100.000000
1593,zqKi67oBjixhAEbtvqbJyVVWZ8rXAygvEu,2000.000000
1594,2WAdfbsqhX84zgCihfPaafzJNhWUkuo3UTZ,343.000000
1595,2bQSNVTakzVjRyvjmvv5jes4cfbRzLEbrUs,1000.000000
1596,2Sk3bPzFSX5ViCw6vuEu1PxrBjihAqZwsdS,1191.000000
1597,nuZag9iyqoq1haVoZGKtELe3xQ14KoMquc,110.000000
1598,2ZeYjDJTaVS6zznJBfyPqvZTjurtdhLis9D,107.000000
1599,QAzn8tTpTsddyiLQ2dv4iDbsp17bjiu7ya,342.000000
1600,2FdczANtNRr2xfaikN5gBumWtyHvG7DDF1r,295000.000000
1601,22FX3T9XBtt5wWtCAFtD5Ufv8mTdTuSFfLh,143.000000
1602,2VbFh9JG4b4UhxwzB2yC7dWsFmB872x496k,1509.000000
1603,2R5D1qohZErU7LkAEDWWTjs7uX2fkfjpt7,26.000000
1604,22aW3iwADetwr2bXX7oXGpyXCpoAVeVjEGp,2000.000000
1605,24NVRfPNUMWF2wLa4DPE5P2BLqGDrLiikwR,2000.000000
1606,nwFGAHSk3b9riM5mZU9ytMEtwXPt1P2QUE,98.000000
1607,i7FHR7QpNyjNFMGF3XQfmDXJZqgikTdMoG,797.000000
1608,2gu6cSafRyg2YwKTcwfFdQ4MpduAnPUMNEu,413.000000
1609,2iDSnyX7hnY6XskXYok7JpG62G9FZdK3z1D,255500.000000
1610,nkCAC3RVHzqrH89WLTiXRdeYDBhcwKozZr,1959.238000
1611,27LXWbxcPEGkxAQuEt1e8wfxn6DmviVEW6D,4534.000000
1612,y6Dwg7o7PUs5p5TPAYERf7aDr1Eydphfx5,200.000000
1613,DbEV5VZwPBYo4CBjJ5fjS8L5ioKmSqA5aa,1000.000000
1614,uQk2nRoN8K87ft7E1Y7v35RS6AhcPgkAXD,1.000000
1615,2mXasYFH3DeC96aAVgWYxBuqauKnWykg51K,250.000000
1616,NBTumJRE7fgxadfz7DpPBaB1jJMSB3mDJC,329.000000
1617,BzNjjpfNpvVWnognQ1CfTcFWBw6pT8cSsY,50000.000000
1618,rK4RLWs6hFivCHwmWAfkNwQr7fKKngQtxG,3995.000000
1619,RNH9XiP68rWEFa2bKsmo1nmZFwXysJTvG3,500.000000
1620,nP3BsoFkpbQgYHtp8onsQTFh32VkFQWibB,3000000.000000
1621,2iTWCqvS6EDg8Y88JDwEjmGuTTrFRcN6jtd,15.000000
1622,MV8UhWUWrGEsvQ97WvNwsoeJ244cNUK7vt,110000.000000
1623,296YCp7A8DNh33AAZCrExicgNSchBNDnKPz,79366.000000
1624,mpLfVhENQBgJZ6eZNtQNAZdxekvX9UtikY,1000.000000
1625,LtcgbnPN29B8eHf4pYFUBkyyfiahxJXiXm,162.000000
1626,V5EA5xr5taXSEPrUqJP5b3HK688hreunnZ,8.298000
1627,2kBEwx7EjHLABvjSi3HKRyVZrcRvgoyB5Tj,15669.999000
1628,2NzqbFNsRTCjmkPuEpvXqojamzYR9Gi6s9P,1.000000
1629,1GJPMoymQfeeD7XGcazHphKbXb8uJ6yrgj,500.000000
1630,2UaSAdwXsDQeRnNuEoD44xN952xstvkrs9s,2310.000000
1631,2czmKzeEoP4SjQkrPmoGMB6bEP4AKqC6x3C,3274.000000
1632,YFhPC29WqTBuMicvVqyPuZuwgG13d9yZuE,999.000000
1633,YCCu7qA3pJritUpsNvxsgYSb24qSoYnfmb,2329.686000
1634,25EL7YMzUjiTakfRYqVMBxPAbXSB3efXBDH,1.000000
1635,NNoaTnzjnj9VNXNJKJxLbuyQekSJL7qqHS,102.000000
1636,4WgpAMZFbR8iB8BpWHihV84zAdYzXDJdu6,12429.000000
1637,JRnYcXLy27K8Q3H7Sgygcjv88Yw8Epeyb6,2.000000
1638,uXCqMe34L5pzsxMksBsdnoRNYiPBfRMjky,700.000000
1639,2AaH4MLL1PBQpeq6pzJTuJJ9bZLd6dJHUna,3125.000000
1640,2SpbEq7LzbEFvZFAFqR7fXBH9aibD2B6iQM,3000000.000000
1641,2PAwvqZuezwedd7F7JPKErUM4QT62a6RYnC,2000.000000
1642,2eAwgqKzGm8sjHmXMoLu19RjJNcVWxZsRNY,200.000000
1643,8USihJViDcypE7ikZGk2fYWHbgXKkYtDJH,501.000000
1644,2BnDhLN3PeLY6z1A9hJL8UJ9cF7PofQCRsN,8162.000000
1645,JwjP7awdnumPkzCnH1L44hRUSKaQi7KmuU,200.000000
1646,28ZNrXVpKPHm1i1HbXhUUUv5ejEgm2mdDxk,2000.000000
1647,2cRM8Z4GzZKWaa7LMJuqxfoT7WDyAchnzCb,6.000000
1648,2XjnMa8JWWuu5zfSnUihaiCF1f9WoRuYQtQ,217.000000
1649,2RQzTTn3bpXbRHLHv5Qw1DZWAafUct3qnSh,947.000000
1650,qkeinNTkkiQ3AnP9XCMfQM7yJ2ciLx68q1,148.369000
1651,CL8QAPMJbMthZsdWQFnXwsc1ndALYMiCLW,1.000000
1652,Enjr6KgcekS9akApdvQ4TVd1ZieepeThVe,26666.237000
1653,2BjEKzdtfsXtJ89AywGob3rkFEquts7iP1X,1.000000
1654,qJikKGRmeVzmc2w9bhyaFXNxG2TM87p5y4,8.000000
1655,np9LQ2brDzBXwySyKcNF18iLQqVJ7pPHxr,50.000000
1656,24DZ7WsCo7BwUQRgeGWF9xP7LKkGrUAZ56G,13.141000
1657,sv1ESXAXBX8PsURHZWfv5uUXJCG76q3iQ1,2000.000000
1658,9ePuzUJgeV6UdDCaJkkB6pdLQANJGpTM2z,1181.000000
1659,fMZmpP4Hby5QzLjGbsRHkgsCQMsx2nW36b,100.000000
1660,TNLdkxVoB3gMYYTdv9iZmcXrqU449PxHik,2000.000000
1661,agRonw7HcUZ6oNdfZJgTnGpifYZCcaYSu7,3000.000000
1662,FXs25i7H2hf8AUodpUHaYtDn5iJafqZrin,4.000000
1663,2Va9krF3LcLL82Q7kZCFsAyfHiQEQeuXYFo,2.129000
1664,2afhCBtcPewsfR621TSmCKfgcVbq2rtsw2H,1046.565000
1665,2M4C9AcvjMEJewCSjHUpBWEx9RFkVgQ4Jt,2000.000000
1666,687w5gu1an6UCmrjP6xXRqabetrn5ZRAgG,78.000000
1667,tAqEpN7hMkKsi94YwiYz6Sx6azaZnzXcdY,347.651000
1668,7AX2kDFsrGpxn9aUPFZwYJ6mL5xi9iNqLX,2000.000000
1669,2Ask35hNQoniKwBdCuETQJWey17vjGunDjQ,4.000000
1670,sbs6r8yHpEyeo1zwU595pr6A8VC3WANkkS,4.000000
1671,2hFKt4uBBpaT2Qt4QDuWi3cX3rAqQKKwtba,3000000.000000
1672,n9GujMunXMhnrrXDUQHxWnFQ4pqP3z7Azx,35.000000
1673,2AG9FDtroVM3c2aKv7v2NZQ6EhvLx1YnBhB,33072.000000
1674,2PWe6GiM3oKExhXsPHSbwnf3A5fffMKPEE7,3000000.000000
1675,BKUvCXHvdDM6vAU57gHV7aZ44F89sZ53r5,500.000000
1676,2Sy6NwPWzXGhELLDzqYPhSX9F5KrWEWZdYz,22.000000
1677,JvUgwJnddL3R2LJbTFiDMJge6AFCVrCK6L,4.440000
1678,5iiTaDvt8a4sWRF5eCnXQ7EBKkb9LkqT5e,1.000000
1679,LPbrt9qoyj8FCGF2dfBb699xyzg5kCc4Q4,10000000.000000
