pC5XLmRNCuc1jCvJVy1cjdS7PzGU6BUpog,19959800
dV5gUeQLkiCQXpv6sB22nTeoBZAUbn8wjz,12129800
224NeLBuE3w2EFmnJ9ygahc9edMo37zGP6R,7155500
2UJWv6ZPyhLD6uTyuMPg4B6zo4UrUcVXbsx,6574200
2gN53dGq2mwqm2sgzDZvbw5we83WYRoVY1Y,5373489
sHX9BRSUX3bN9aocyZnrLXLnNJV6nUvCBJ,5020000
YzGsk8L2SvtAp23uDfHH6WC7C4LxMyzUK7,3000000
2dPCpsdaKbSmkDXXDL2rmq5152sQk2vgY3B,3000000
cjJgQN3qcRy9az9Ju5XERKDK14XMjzjYPd,3000000
2i1gfFwGpYVky9ahtrSgXgVuhfwGzVjDF5d,3000000
27uLqCZVt3nVnN1AUCUE8joFMJcGrU9Wjhp,3000000
swpFGZvKapSyZN65rDehoA1KZMgUxTcgn2,3000000
fNZCGRpsNZyNrmBNqsdJDZJuMoYqipVBmb,3000000
ikvotuTQbtTHHJB3tD6o7r2jTZ2NCa5vzh,3000000
2kVn9fw3bcusHKWtzjStNa7ASxrGarKF72Q,3000000
fRVyaRWYXufbS1HY9zuuJUE8HiNMDDG9SF,3000000
2bYEmu2SsQuckZJEG5JAp9P7QtewV6r4xuq,3000000
aWH9BYvn4AkH1ZtWN98KcfzQhyyMcrX9XY,3000000
ChaVBzmFpPj2HN3pJeC2NxdY41QqvfBoNf,3000000
z8rCERbFeGWyoXqA9piSzzjbnJSUFbxSEn,3000000
KGyvwN12ajtwtdMz2rwqwsyF2RGTYJM8n2,3000000
ZCpWnp1cEdZM14RpPyosizmwwkqzZ8KCfF,3000000
7crtTMycEydj5354EatQJWL48tuBWcjreV,3000000
eXschg46oiuiRtWDpiWnNhZeWf92o38SNU,3000000
JasfB36jxYE3egtQbXZN8VrmZyehHDUhcs,3000000
o6qSX21iP5mYWU5CJTDBcEYJgxwrGvXo2a,3000000
YNKHrQwanibx61D9W23Zwaxp5oQhWdANuk,3000000
Cj1tR6z8DMhiyFGrnFsCyK59TGQfW89UUJ,3000000
7vDvmHz6Qo6fuFNKCtWjZjBK4HSUfmoj2T,3000000
PZ2SdYt9gRmYzhJNpNmo7GGYiPPYqin9Qu,3000000
21WmsuFoDogMGUmvwMfEf1aXs5YZHwNYM7x,3000000
2AoREsgSoSpwjUMQnpDut3wQNJb8jBUc8xf,3000000
iiw4qEixwZcJDN7NFwsWsBAEchmiNPPQqY,3000000
21FLaFSrWv8mf5jD6eXBy1AbNBXPRmqk4DN,3000000
qCTBXwTK4tdq1CkYMfvJezwDiUHnwiqKnJ,3000000
2PmtxGiCKMuEBmGho958M8VxJs2ze8qH47k,3000000
2gJKUgXPhzJ8oRADZ8QTg94ibpKK6RXuQvT,3000000
2d2ig9Xxuina5qdqGm8JZGDBX8L1H5UNrsR,3000000
2WBKtwEUo1cWggM3pT7xhDQTmm6HW9KZ9su,3000000
26qEhx9Nfpav5DdzJEVTZcUyb3KWBxV1yte,3000000
22UWnvSj21uM3R6jfMYELi3hsC6UawKriYt,3000000
eZCZew1xX4WQMU7hgDEo3fMN8HD47u3L7n,3000000
2HFUKepZPUkPdMhTzmasZ2EDkF72gp9oNNY,3000000
2bfbvuLksRtTWCwUhLg1BTTJJx8yH7XmBLy,3000000
2ertAbHwBapUdckDymQqBhEEckHHsboaC3E,3000000
2RZy9kTeoU4t6WjvZnC3czPLsduU3gpSKhK,3000000
2BAEdDzCLs7dTXFQhtgvhjQXHkd4YENB1pS,3000000
jGwDJZAs3ct5268CycGUAxwczixdkhLDiw,3000000
k3HaDpktNc2XMgpeXp6WXMARVJvwfsW6iS,3000000
9UP4wkSBxsSYDNWiLXkWYswhWogHXw12cN,3000000
b3pbhVpNw9c5msFLaRv3yJbXRxiALpVdJi,3000000
hvHev9jU4uww9NuzZfzFmg88QPRBGSTbDU,3000000
2RWngCZKWCk7q9vR8GPMzCnEFEuYo7obZRi,3000000
2NYLYECy6YQM2jTccYXWMLvd974okUng5Vt,3000000
22njCVTYPKcXXFGWAHQADXowtJfKDyXHnHA,3000000
nP3dhqAeD8EaqaTS1KCvttzoFu6u49jjD9,3000000
2mJj5o1xKSXxS4Tr3YWMeTtWL9kXtpwS42R,3000000
XcjDwQn66CU2u32Lz3MGMwx7xiCMRzDRWZ,3000000
Tr2B2vQ9RZA5pfqagpX4ui1o82n4eJgmgk,3000000
BTv3E2ojitgnh1E9P1PwRUf4EHWmMAkuNK,3000000
2cbxDVL7Uapazr2axMAjEMBKLfnkHJkCQmt,3000000
BhLnXedLZkA3aQ9YkTSuA4ghMJ6j7xqjsD,3000000
2mtqfbPxM8UCNqyGBCKn7xcxjHzKwegksGw,3000000
MqUk3JLmeuyhq9TrFC1uJDuKgYd2GGDDjB,3000000
2iTACbp8ZVX2L5Rti3SdViRVqk2gXfU6tvE,3000000
8piFjdP9dgyyyfPbFtKDk8T6MYiKTKVgxT,2573848
T8K1n6p73nYuNsVhmMg4Y8P2XUz41yunFR,2500000
2EtqSTrx3khELCi4f1gejJQ9nFgnLB49zC2,2355500
2KUmLJTx52Yz1tTNxhahi3RXN1QSQRZsBTK,2210000
BkkqvruhiHQMDyfGu4AQmA9MD8fWyhdKow,2000000
s7tDG3SWgxkje9nVNqP5zDs37HCoa8TW3y,2000000
ZZzeLUnc6kE728bSarw9p43oWLtWGbR3Ld,2000000
WkQgUrPSR8yJHcUjagwAbSyamMnFys7YZ6,2000000
dDjA38XdUrZNpyxk1vh7nZkuYUeVaLCFNE,2000000
mscjw4a7VUeX53LN6br74jX9rtC1WxEdpv,1891771
2eMX72CPfzwRCh58RC8PvEUBDrJx7nnAQTN,1600000
uLGeD6Fcw1KdNs5i1QX1Y1ZMzy3EQfNuav,1399460
2TFvVktEEtGWsw2t4h64G1od8jYSz1VKWjd,1220010
23UDp6sHV8UpGJrTMaFhM7VMeRP6Ch1AikH,1150922
NKciFdYVoT86gevKybgPoq7APHbqs7U3BJ,1128000
29A9Xqk5GLm3zzhKkiir8nS96hnMzY4M36e,1038399
xc6VnHYWWDcpHT8642YFPxFM7rJqR3EKoB,1005634
KDfMwjqm5QBBPoUJVAhgFkCgSdeguKtRV4,1000000
Rfn2kB5kJdgCiwMyymoYkgmYHB5dq284JM,990000
267J9y1kQ63QczyEXTP7H75oPSxatAV5sLJ,980000
SauusSph3chQv1LijmL9zvUBkyEudNs5Lu,876614
2AWaQ3Hpp7mT1EESZvbFs28LEVaJ5APTqb5,810000
kxvqrD9nwfSge19j2ViTEm5N4mcivo3ta2,750000
KK3zYKRqjfrWrgQFVZhQpJ9URaK1fDqJUx,705917
w3F3j2YLjmYJfYuaZ1J3rRTZZ91pPhrQof,660000
UPBZJtxktFYkQgHY4PyaqAY4RRxihAFq6t,655500
4dHbne4MbdoBaD8UCEsyJmYYuBSoDZNdU1,610901
WWyK7FVfZpJ7LeMVYA42ie9kBYMji9FKN3,600100
MFAJ2PM43dDB4E6NFyhANFcv3bzFn1aCjW,600000
2LpQuUqa6KbRbprdCUq7iRzRNQFdtzcsWcH,600000
2YJbs2jSdtvG4rzvrNEEKDYMv8HReojeuwc,585668
cUaDkZp6uq5gnrm6PDzHuAimC1MhdCBvG3,582299
PP6YfmUmQ3H6oEJMcqcpV3Q27X3qfBNu6k,580000
2WNpvAnETNye4ZvdR27ibZj2eq9ccw3Bheg,550000
2TigYHP74oykxWeh23EKtz5hkrwVZMY9Rw6,520000
2d14E4n7AtHgrrZSfx7SmMuWug8y1ohf1rU,500000
bsYqd6jCWHW3CZdhbWAQ5x38BTwJXQa5cH,500000
5drurb3PxAyo45zJ3AQ7cEKy6XNCyj2Wu5,448284
HvAnX9CV9qsbeYVexQEzgNhmCduKPsS7kh,440000
2MNFsFfBLo3DV3XgFBi3QDJHECqPq6g33mr,440000
Vp9qzVfD9ZYvvWE89wFwZWBXuRAcruFKoc,410000
Gj1jNGKhXQ8dxdnCy1GBYKm7sqUu2AwhG7,400000
jJsb8kky4etkTtMuxZCv8eVRBEpY7UwWKc,400000
2eWXto9QnSKzuUWM4eTcufpgDWva5XH49AN,355220
2jA1kFiCom8CCd8MSCwbwh4xsFnfxafkCZz,310269
LfwT51tv9HsrDaeJXRou194gbgBfSGMLkp,310000
2c7KzLhan3nE1wvctwNw73FrjofUgiFWvp2,310000
2BySpxsC2K2cWBxrpzzCbaDPhnfoyMnLvqr,300000
2dwYEjjFfLGhcyRTTMUkBsQApZbSKK5rXG1,300000
2L2KWy6ZjqzsqtBrhRBPjo531aweAVZKHNF,300000
UWkUELfALwyBWU2ZcxCm2aQFKj8oAW3zRg,300000
N2WPwwQaXKXKFdefHNjYqMTujyUrR3wDN5,300000
D8GEtuX6hHDRCHmbGn6CyPDSgPKEMmLz2U,299999
2aZ8ZE4FUpZaBvETyf7Kt7TniJrZV12iCHd,271877
E7KnwcWjgD4Fk3hHajgMnAbMMZmT2kG8vB,255500
2AQhWpAmjAJuNq8v3Ygws2ovqH9tEbTDNm,254375
2eEcPePZXTgdZ6KKKZQjdADfuPKeQa66Kon,251912
zALCLc7Mnc9hDjzafHF7UVvipF6Qt4PMNS,250000
2MkuS7GeYJ4YKbfPyvRMBK3RBU94XkfqK5q,240000
2U2AcJ23a2xvMrDDBFygz69mAMomVdHgYGi,230612
2QocVVRtqTwiZdFCpySRWSpAvy1pJ6fCLQH,215160
Et5k7PTbXeGrHnA5NiLyibS3PQiDrxh7No,200000
2KQ5s1dDAfBgqu9mSznvfbDkkpbNFRt1zJ7,200000
2kjE6A97MTetdvySd4aWruNpxNqrsmGrfVz,200000
2KKekjC9uFpNYCCnmsPtddHu6AN2B3TXk9s,200000
2TgkDFrb5RbUPvBGpGsbsgX2wnbuycSusVw,200000
Jdi6qGGu5FgUqcrXWXKT1X1eBDYK8DGPyQ,187500
by1kTKvoHHVUafcALHDMMGvFB5D2PGEh2,180000
2ZHGbGjNQEokWhy2eaeNdmsJKVp81QXVAhZ,176231
U4Z6PnGrxsTxxGwQEtktWX8kGn8eAjY6jA,169300
h4DawLbaqS7m7N6YTgKgL11Vf7FZ9T8JoK,166667
2DqujQKBtMcxMnUeWzsxrtSSU3GiCsgaNbd,160000
2ffC8hs1BEqg2scd2owjZjCuu1RfHuE6zJr,160000
VybCx3vLgwrfciaXPUpoKSqYGipxNZ6uvt,154000
QbphXKqvQVFqCKmsQytBsZfjMKZzPMvBTQ,150000
4Rbe5XG7Ahbj1Ukiz8saXEfou39A2XGKUH,150000
2FA5JujVfVg1fKq3CQb1TEEi4Mny8hevZUG,150000
2S9RchUGjuoxxRJoUVQXyf51NDaiyrNLcKZ,150000
WFjW1PrAJim34auPyAN2JSsgkaiF9RLjdF,150000
yDYdvMtHmt2yCqocU7dBA3Wh4DzjGzL7qo,150000
Dd3HAT4jZoQ5CuMReivkHpGe2Y2JDb4XN4,149738
2E6voFRHTL6sd95PcVaYqnnWpne1HVuMvnx,145808
CsC5CJuychfwmsGoHJRWFUhfoPuGbHcb4c,144500
2Q4Rpw7k9MTYwe2jY7x9cg2xmS82muYJBmw,130000
eZ31VxdWkVPp9isojWKUURwNjQCVh96BmK,125000
MvakiDahpnUHWVCJYkEwBhuiV8knW44Qbi,125000
2L2ey9caWW8VYkbBkNTwkbSXKBdp7QeDTEt,125000
21XCvZgenrTDRp1gpQi4uiSjNj9nM3Kxj3y,125000
2iGsbMw8WzwMYwnj1tJFA45Hy6VL3qF98xP,123000
2dDAWd6BHrud2B3zEmVMoxAZuyuzQD6xSMR,116668
kABnwnx1v9FPviQXt2eWjmsZJpnRSiTtqp,110000
bJpjs76VFUNpko1ovry6N8ZEPKPQAprHRd,110000
zj2FcZAxMuT9L46o2NJGtVf34Z1yk7QNid,100000
ePiY5DSyCSm4T6NGFzZCJasvDh2MRge5qP,100000
6kmyG3bGKwuym5sWQrCBynFuAjD7EBAZvj,100000
2ULphZ4t5rSxksrxcpkEKEpYR9thzXupsjE,100000
2Nsiz5RgW29TCHEXLwWnddwb6VR5ECv4ouE,100000
26jDuNasiM3Vp6nevfVafuPDQbtacTXMUe6,100000
2ecnTMfx8Yd6ArfSaYGco9NMJUPQJ4XK6WZ,100000
bzHUEe2RsxDMaP6riWGZCXgLCZVBMBG513,100000
2eSWWXSuZSyXSSTJQoS6GrC9xMeSZB1PjMa,100000
NNe49z9bjjPf4PuNWt17n1iJsz11gY9zWz,100000
czkoPdpK9s8WJCtNqpWwdC2QPBLbniQ8Rb,100000
NKazvx6VuXfnVTFyL1778pQzQudWserRYz,100000
2XKqkaTY7Zfpvgnwi8Vyd9edwKvKY8PwzY,100000
gghNWPjf6A4Ht54JYoMXLz8AcmTipfQv9x,100000
f2CGQE2JaWxUh5DNZbn2fgfEyExrGirGFL,100000
aHUuF58cptcKvujr5WniDPMxhw9jaYirpy,92490
2YYo2cpqq1w2TRhk2A8kVsMnAbW1Q9UUx3E,90001
28PgmYPxgcZ4MErFBZz4M5WHAikJ52wpC56,89002
26MZWb6tz5y2TMbtNtoePtu78XtebHhJzen,85988
277EEaXA2TzQ5pdpTDb2i4fUKF7R66qzCJ9,85850
QGQLdTNYP8SjkR6LFPi4yAz6AGnqe7DJRd,75000
YHt8PGbWUjStxyvoTFqM8RhPGFq5nmvAkt,74851
RbEEVceEfC9JQSaGBbGA5Gs4gkwtPDKi4j,70021
2YMrhhqQczY99qhxnNiY8AdWWwbmbxvgvJc,70000
tihFFQkAP3Ki5QUg14NLZVNcdtMAv8DqJU,69092
XNrKhiKsFpanTexpG6jVuDnSpaPjL2r53g,67500
7cUeJAqNwxFZHj8MQtXuBFjuQ1eGGaHbup,64250
EA7BcW1nVWKP1dA5RArcitinhQunt47AXy,63000
2amHmEe3h7Hno5mQ3iQ2YNyfyhU3Ys5qXNG,62500
H6zKHp1YLY4n3t2V6MwSHuyeWKCMK2Rk1C,61311
2e1N2DwNeq1A1uaKUJzY1kbBywgPe88ytvS,60200
UL756msC1HZC4uMW2fPPEMLFwmDLr7qzss,60098
2Ba5JoAcMvdEHUCZ1Mbi9nQz8cTDS2GrFKY,60000
QQPPYc2YfEhtjYFJ73vXQ1wwBa4Y9zTUUU,60000
zkqfBX4ojYe9U68omF19pK77VHDSyJGLYC,60000
wU4mm5fSE3dzK7AMN3daGLGPbVGSwjeAhU,60000
JLDkNDWU9vJ5Qa6zEti956DawzPLbYsThw,60000
2aq2YcWADdG6L2H63qgnq9TydGMBVhjaihj,60000
YWbzzoLZGuCTzMKFmpWZXE8TiBsnjrfY2J,60000
LZ8vRgjhdk3XX5c6cWmUM7nz1AxNCXuZLt,58020
2gRxEpZXgCKUe8tzyACxtJBaindFatiBL8x,55174
2AqvQxGQsMEaHdbTrYb1pPKkFRTT889iAbV,52770
23Jkst3KkGsWJE9DxiiXBjeR1UGnhTD5XJH,51418
jBPJkPGePqioZvXVJfNfrpAp5nra6FsCcm,51000
X4hMPVGNAuGWMmuJDzvq9SGXYTdkRgA882,50000
2KBnNEtVJRuN7qoLai3MbZY6GXtSep7siHB,50000
Bo5wGJq1ZZPiWz9D2zhEhW2xddYYYtq7rg,50000
Bbc4QR6SQps8ULLKencDuaKBNeZwXBMhEu,50000
KdZ3Vkrf8Xmix9r6fJpswpZnMN6HEb4BGo,50000
1JwY3ZyjznAXZK94WxFQBfACsWrpxRLe4M,50000
V7yd6mxWhmEapa7Jv3A76VbDwVV5E4i2bt,50000
2SWYCM3ET5jrdaT2zZMbeQ1mB3dKDexpPd7,50000
2CJcFKZUfH6pbacW8EDwE9byaME2nVgvnzY,50000
2SKgcKGQb74eihtSVg9qrqaZiRMNXGcxwuc,50000
2BWpMs3bsoLr3eXe8Tx7HiE3ttroPV1TEvN,50000
217URnkZsbPx3avzUUsDrHXZFcukLfui5bz,50000
G8pL8QymiNPeQGW6xn4TNJyXeVgezMYdDV,50000
2FfAuanHUNSDzBy53jzWd7Afq6jeTmJBoqd,48832
vKQtGK1EdV2XzaNTsruKHpvmrjkDXeeWGZ,48163
2Qs7ByP2KbA22P4CVo6ZK5Cf46iorVei3kL,48000
VfpmaVGk1owkbb6gvES6hGopZpb4eYUoFf,45500
29WnZt6hcZNVioj7H7TjVKLyg7pLFY9uuT8,44780
Gt9r7mRUfu74tQNmA9PL2BBBRfkhb9rHpD,44738
eq5RGdUsyPwX35o7dLYAosyXvBGoczXEh5,44573
is4gujaNCq8eur82YSHYEFr2x8FkrwtFpr,44445
ToJVVXqz377D5Psu5Z5VznbbVWjAKTP3LX,44444
G75s2CZ6TQJWTmpjfCj5Zh1kgdKqBz8z8o,44444
FV2PxYS9tAGtexGdaa1ANHxTedDLkmzgqP,44000
4RwYArNPjHvZxKaKjTB883pAg2czPw9rg8,43000
uKjiZsFgptD1rzfv4B3sD83mzpGj82iUHE,42999
2DcV5FYMuRzuF1oWADYmiszm7Th7ngLEbZA,42088
mUja35u57dvv3ZfZ3DoEZ2hyv3BKmStu3U,42000
261WoWwjT6Kx2JNVDeEqxub48vH2BCMK2bA,41098
2U3atSHpYscdGpy4Eza8ADVLYYELZFNbogS,40600
ngF9CXc83R3V6hTSs2wy22pfDeeqMFpRPz,40000
2NMs81rqCKxgwpNRZdNT83Z7eH7gZTGiznC,40000
urJL4qn6k7VSmi25tWwD9oUk5zHtthGNPv,40000
28KrQYwf3kze2eQwJ6yDPEuoPCNr362FRA1,40000
2jF7uDrrB951vUrcy1vnoCSkKjBbcMC9f1V,40000
2N4j8k97jBD5Toe8edmvLS59f1jkCvSdQnJ,40000
KNt4SLtR5Kt8KWr7BcM2EauYqUkFJwhu3y,40000
2gah2smoc5B1htdwHobJxF6Baqz3jZvungJ,40000
2Fjxj8MHoqSjpFJKPF4avgtbLatkEuSCkku,40000
2YxgGWuMYHmskL4hKsw3ZZaFWJ3BrYBLsrF,40000
29DQxhrKVDu3wthYQTNWAEyQwThT4YCoU5d,40000
Na9AdhhMVDJrN8EbrkFF1uNmxuc8JfU54X,40000
VvWctqvGnkgmmNtjRR7tJSAgMBFmGa3SGQ,40000
2ABhjGPPQGqrjGcpQBvtzU1P5CeS7o8toYi,40000
thtJEzqJX3Ha5EkKt6EkWn6JoW2p1u5bnL,40000
2kWWHk3uWxxukRNGSuTdeuBWYMeztbzifjX,38855
yLzqBpZoDLuevLju2mb4YirjrsJ1hAHqhd,36667
cnqmPJSiLNzQcmooXrM1K539Qk1cmTSNsQ,36000
Q8QsxQ9sdc8TUYYpK4Bd8PPc94MPc2Wxbo,35262
2memB7yomzzqwArcm47n5W9UWJ1tFLpx97M,35257
26n12kkz2fdd2FH59krXEMokDHKzeaai7xB,35000
2ivDJwT9y6c4fUpyEUQ777XzAYqjK8tocVY,34298
2VAoKv3W2K7DkkvmDRwehHEjwyRh2vkFTvu,33500
8Gc6F5qgXGMPDyQzNGcqZ38StefPTgeaLu,33333
2KAuyU1pUfqpyaFRi6dXyTx8wcpr1jomiHL,33333
16NcJBpQFAQ1mV9ZDxG6PHVAsTFetRBnyj,32000
2KvxQxnNm7Sky8NBodXrv3rLaj5RDEPaD8j,31000
eCVMZxZWfbi8Wf5uyJhfwvJn9YBHrHpuGV,30908
zfTuUGeLYkah2wn9EoQkiovvvkxMCXNUrk,30632
2Qy9pu7N2NmeeWHK67pWV57WBFiniqMpkxY,30500
4w5tk1oJRxgw8P7t9kdKiJqakWsDwbUGXZ,30000
27kBKymH2UQJFRr2kYUcnLPcHK52aAmbfCx,30000
2CdF8g845ziGU8TSvu4V4GnSzDQCFHF4pCC,30000
24FkjPqr3Lt2jWDvCGVoXf3R8HzySah5P78,30000
2JPGv7PUbchxo6d3yWE4oyNJTWG7tg6xTn5,30000
2XDZmuGcBgnfP2qf8ZK3th8qfaRt8P1UgQN,30000
2hkWFECx1HBFk7VgRSU5LbEixx7i7NyKiNV,30000
2FmjCxuLtnActLKqR9haaCt5xtCaHnENk7S,30000
2dsuFmFPe7krHcHtqENEvXcvXQFLxRGuDF1,30000
Y2fao7ENXTZVWaezcMrJJQRRyVRqo1977W,30000
2jM7qLoExwqiMFMyCewtEpFRxoTkHmS6Nku,30000
2PbHbrC21BjcFQHhnHCEZSysyD54XsCTQjU,29900
n3WgNPr7jKtbeVFhwqxC7vvPkGBe9RRNEi,29400
HUM1tDwRkEiZqfffYMJAzHtAFsRMDfZqpH,29360
2YMS6ytfVaXfLj7sHpsGjNHA3xFXk3DEywc,28600
2CV1QkYAJhdzVf5PyzSQySrqKwdtcDX4sUc,28222
13kSkGZXHFyg6amWqzuVsGfD3NUAsXbo8J,28000
kt9HGdKowD7z4GG3bTo2sscSrCBtPY7gs6,27712
mMajzxmyE52ufWXi4PxPhJiLY9ja28Hfko,27438
2TJHbL7PcwqhMtQAptoRyQ299w7HtEJNnw,27100
27ScUMNGU2U7yYRvMNSFt2sVz2nEmsPtnt6,27050
QSjU2Uf95HwPDzdyYfXMHNfaMg831Su9WC,27050
2Z798RLbVMvcukuxKC9hJtwHYsYWFBa3v5M,27005
cLsrXmatw6ySS9g1LkYCED9ztcfBGBMJgW,26600
2HZtEenqe6qVgN6H3cBKdfmTPt3WBCRKhq9,25237
gH286HCyZwvyUGBhyXSXpniKJ2d5U7yLWY,25000
2fqqbNnBv8sq82pKJ6mZCuGQXyLdsh4kHou,25000
7dCTpeG5ejHeZ5jdCWiMUPLoJ36TWGPFgL,25000
YQdy4bdL2FjmFGQt7mjajuJvHytqr8TzZ5,25000
28q72qhSZLa9u4b36v5utizfSaYzgxsVCi7,24990
9wQdQdTR4fHbEg7HAP3VjofjRSCZPna5ua,23605
vHwMAktxvA6HsYJfkBAzySP4mCZYoMcQP7,22680
2LQZxKeKRTmVv5pzXgoUouVrR82BQMCUhmt,22500
YzzYnJ4pLdLZhR6hWVZM3fJeDz9HXtGJCb,22500
gwJQSEC7WDMVBoEDuLMJWeZ6ZhzyrRhXts,22222
2RZZ8srWZg8vmqPtCxDkAbdnC1UfhB85oqY,22222
2Q5Xrw55GEGTYELek1cfmkEDbC4Qu75MKYQ,22222
2CKwXiBA4E1gKcbJ1eYDiRD2R6gwYbjH7JN,22222
xieaKnJWrs94N4cqo3CbxTAp3fjVELfDZZ,22000
2CEQefxD3zMEyrhrKXK7tdx8b3ZoJAzxp9p,22000
w9B57wQQcNB7L7gZYwT1R47gKgUKWGZg35,22000
BrAaVt8PFmFJC2KUx8cSBvVgouQtR73nsk,21211
2WuczyvkCa3HarhwyaUkmPbjaQ9rFGD2Y5R,21010
mkuwtWMzBC9Sgc6BqHHqizcXwiViXh79fu,20305
nkeTKmgZBS3d2iDcksGdmdmeKpziJMsL5h,20100
2MG4xKm8bSudcmkuETk6HSsZoJ6jJKNUHTV,20005
2677LB49QspRU7QDeLNc3yAyDb5o3wSudRM,20002
BxJWj74LQJRrnDZFPeBeezj9ubFzoQD5Wh,20000
wveWQLBWHKw5BmAW6PL9Zx6iXkgaesjCNo,20000
zr1DfnoEVQWjxGKCvVmQVUrCXQ7HbF9Qy7,20000
2GSjWDH5Q97F3e6grTo3HuQ8uK7zAwuU3gr,20000
FuJo1m6tfkP26NAW37b4JTbFRShyE16ZcM,20000
2VidCz9TEdZAXhP2CpJMjcnae6WoNFt7rgx,20000
2Zwvs8zGekfyz8M3aY2QkC2gvdgx1aAxEH8,20000
2WCQL6Zv9hjfn15SpqNw9EhMWD7Gf4nPaX9,20000
EiJLifFHJT9F1Zg3qTQrWpbmX3yHQHZs5t,20000
f9S9b8wV9qFAFGpRfvimembZioKSAQwCLj,20000
2imNtZvvfeeSAiUWU9BYxXzaDAZYVrD5yZD,20000
c47KCHpffmmK39HoDZzYRPHtn3CMYx6YZW,20000
259eS4kCHyhGuS2SZijmf37ZsZdQJZnLFxT,20000
2JoY9xKXYvR7Kmyu5W7TkpyMTLvxsN48Axn,20000
2NDi35er1kvRWsonP8DVK9RxygPNjerBBWV,20000
6MGpseBsqJqsW7hDYJVvbWU8q5Q1Wnw6gH,20000
2hE5MM7s8Four6j5xjhJKGqRN7MuanUi1kx,20000
rH2KX8R6fHvC2iGkAVXhBDEHbcdeNHD6Dn,20000
w2vHkZ7oYSoY4c6tdqRZTQGw7buohqYAjs,20000
uMUPrtsAqRqafwfoPxRSE3noUjqSFQVH9P,20000
cEwWbqmh8xTjhLZgzP1xh25dDg2tryy3kM,20000
27izbWvWi5URYYVL1LHrjAR7gTZWtB1J2D,20000
NNdKq85m1EA2XJFQWBeATdcf1vQPE2FXxJ,20000
2KBnFiyRaBKVCAAD8EP5G2XUdkqMpJgw4bH,20000
282G7DyxCAogd4a8tyDZrRUha2p4EioSoNA,20000
YvLvN9zMWJzzdiPkznvZsbqeJ6z2yhwTbi,20000
2NJY1B3SUkwZt6WeBxoPTGALw77CbDJtFQC,20000
DhYf9bMWfF66BJyTehc9j5b2KoexF7PWu9,20000
xL7VZvbSxggPXEtEJwJwWkbKKNftR8cEjf,20000
omc7dBDbh51KqEaxFdhqbBMH7WuNbpYz7f,20000
Dm3Dgvhy6GnMqPPB64LFMuyRZGPxVu6bYo,20000
Po3B2vVadwcnxRWkBJoZnUVPxAbsBkWD7k,20000
zhboEEKHyBPJ5Arv75xbNki1Vv42ppQrHn,20000
289CzjWzWsoiPsWCMASjVhMPYacNA3jubCR,20000
sJ7Aok6FGhWwiqSj2Z8F2GaWi11ChmcgP1,20000
i7Mr7BrczrHofbGjSH6P53PravGZ1mHCNf,20000
y2hC4DhJcAwGBG9Z5eo2gZFc9X8N1GK36E,20000
27Wabt9qswSiGRmm9XV9FGwbHhfh1RhPUR5,20000
aY5GVkBZsyYDmBxiC7WahFrPEmhL4P94tV,20000
VRQCNyYraf9YfX6hTgtkmK5Mj2NXBY23FV,20000
2GGmchdVR1wJffr44Tn49hWciJ15v519soM,20000
2jPcyQ6ELA4gk9tVZi8ETEQn45sKi8YZ849,20000
M142KbiHTZGDRGVpRgqmcBvmy7GaxeGF9c,20000
mDRRyiU3CDDt9M45EwM8s9T33ZWG9RB7Gx,20000
2SEcKGo6YL9PEUpGCJ3b4Rwhoy8PJ6qG63t,20000
fUjkPTuVtSPuUic3eUoigZPJxLE6HVX3SF,20000
2QUCv8a3pAvE3MA7rXwFTwvqusZFHeBmZbe,20000
cwow18BWXN9R7qHvivDY5bs1HhKugxjoAG,20000
29J1enxJupeaAkJpDwGC9t38t97RJoK6qBz,20000
28QSVyCNtzyPpzocVFQB287yjkATVub1FMP,20000
P9SRD2osUCNPmsb8ZdTZjvv65Exvn2vevY,20000
DFkXNcBNf5PxrLWwU8NZJ34GPFw5vLiTj4,20000
25zTsJfpf61pzaPGgXSkutge8F9CgJRXeb2,20000
V1sK8uBQgvUHpZwu1o4nipr8a5hMHVtdq3,20000
Z8QYSy2TY6RgR7rX1idNPP7rCRfTJDprvJ,20000
cuqVeMZdjcKT6UFv6piis2GvCn1nTFKtGK,20000
25dn4guZRhfL1pntNhDrJ8iWuJvVb2z4Pgj,20000
2JhUwh877Aw3i5Yz3uERuJVkKD7afKB7RFG,20000
25kQp8vBzFfzbRZDk1JbvM1rK64SH6UwLTi,20000
Go4NQEhyxLpouoDSMNM2Bw66XkMJGCf2J6,20000
HSnoBpfTjCJ3As59g6poj4AzCFdTLaGXtG,20000
2TnzXGaSmjn5S4ST3jQWdr6vZxzqmHgM6dR,20000
LupwvCaMVRQ6fiZG6u9bPoZe5hju4UQVSt,20000
2cjCJGTUuN4uAP65tigbJyAo1Wb7Pi2P2nN,20000
2UmPWswCTwUHBCNH2S39wbjxWnwgBKecDi4,20000
24ymKWBBznxHhuPiBAWpeBT3haoeXSYbqWa,19999
91sqqeXx2D1ss8RLt9nfapD8o9Bopkcayj,19800
SZVXWygZDKe16CfXvB3qT8p4VfhfSHjrfo,19600
2ZTef6spE2L6DBeYcxJogkh7L8XnHxhSbbS,19600
2D8nEXZCg8dVbNxHFj7sXbDqaUQpsLdHmqB,19000
RM7my8myj2k25eHovDxDsHAoDoqs763Ku5,19000
f8pPgzU4Vb4q1eKQ4BtoYD7nvQubhq7cB3,18750
kqWgVevuDMJ3gDyfn6DZQ1FfWREvQKch7r,17380
2ffhA3naUHyGpizxNhUo8KwJX11YUi86j6k,17000
nVneVWjxy5Q5kDsPKoPMFLPuHaR75LLNZv,16959
2Rf4hTWvdEwAHwf8iwGHXNN48swdh8A132t,16930
2SMBdTuzUNGTsextrHiaLcb5CdkRvG8sx6k,16761
SzyvMXwncpdErtMJRo8MrP8ghgKCoumNi3,16760
2TL2jWKDhuRTRx2PuaLfGgEunFg3puEKUcu,16313
2gTEMGaj7gAxHja625QtzQ45DsSV8MJWcEL,16290
2aofzLAs3KaM4ksdhVntq6w7AbfPfjkhkVz,16000
Bttw5UAf4d4QJcHVfSd7BcEUHNBQeLYn3M,16000
vb531biUDhzeJDm9R8U87coqwiTSPRiLmY,15841
ju5LD1pAvKGNAFxmCPAgDTpRM4dnFoHgxZ,15790
2DenwmckvN1wsZszgo3dfoxmmP7jvDkcQNb,15757
5Z1y5kZJqXVJj3LAKZE6E817CfZ2AcMFto,15666
2HY6vprivJe66wk1s7NhGAVA44zmXo3nrAp,15565
f21Qp3meqWb1d9zYgB9hkSj9gcSgsoZhXo,15000
Ua4PSgcJnDsYDAjqmxKg6uqxAfh1m44R1,15000
WHGD5QJvRiGC2BgMupqfVg8GhoWwLvEWaU,15000
4C8CkDFebUNpQiRdReCHRw17bFNBq4xBE8,15000
2fnwB9cDWRxqe9gLQqxjoQdMshcrNYdVMMu,15000
jv7MZ5yDyAbks1E3g6vTQwjFzfLJfPnTpG,15000
2ftdpurjFdmKY58AH37ZxwN6Ctruk3QWgJd,15000
2X9eZX4EMsof9Q3C6ytxSmbopZW1FAtir3o,15000
67aHzfdFR4bisbR6hV8UJE2f1iqZw9FnED,15000
2VBquz2WYQgYBi5sPn2zimjGW7SJmuXJAvd,15000
JmHRRUxF23Zs7cqdhGBUsW5fwfDQ93BZ8a,15000
2ZXsLLsjMRT9bEerg8ZHs7xt9wm523CeXqw,15000
bRJybLZg4akEoMnZdNZzHk7baQLyc2mhqq,14973
kr5YoS6rfaDHoSA6mR5NsER3kat6zDFWx5,14692
AwqA2yX9CkMcRnWnpNTkWYWYamr6iCrLTy,14665
2NH4ELibTHVw6EhLbLWugnvPGVTTWU9R4ST,13962
2W8AF4oQpBSg1pZF7NLmeELNFiLZ3EnDTb7,13613
2Z1bUVWqbUHAMrms3JmbwqUdb49As9jbhmK,13334
2NG3oR9pXLwRpvfANwJ6yRzZmDpvYiwsw2v,13333
rPdo9WKmrKu6HYDxaEDetYq8tVouLjnAkk,13000
2GbyKsGbxk9L8inDb2UYxTMvuTRyGNSowhy,12915
nDrU6rq7KkSy8SBw84ciBbWgApNoWZ8GnY,12500
PrGPr3KksmVD8gQovFMMxP1CnecFrcyupQ,12500
eRbCAChMcVA4EjUABSpuv9XLXVcCF4Jjfs,12427
2iBEh9vVMgQTuWnjCdxdANd4j1trP6SEj6j,12400
2WVrRA9UWcPSCJCCBafN5WEP5MPLdhEQTeK,12325
2hp2jVZq5xxTCyvkzxvqtjoRRo31Rr1t6Vm,12290
2cd7pLd5hD4McDyG9toPfZ1rbwwcx4841XH,12005
6Mm8bL3djAJD1pqbPeJsYAmDxypyKpUr3P,12000
2R3qgBdrMcWUA97hCANRcchsUcp5dt6aJML,11836
KesRyck5EmrBDdfHpNGE5jXJQv8FXN14RY,11500
2BEba5YgtutG574h5U8GvCCdKLx9xV59zNT,11400
cubYQzEbaJhu4yzVNLAQnuc1ozCGagBusj,11333
2C8fSMHYYrZMzNrqBvydnFT4eQzTn9Vzz6g,11224
2mM7BMZQjpHHi8DersFu2grtpn2dLWACaEN,11006
1G3fb6Cz5yvjZzAgXedbdrzySJcAhUQtZ6,11000
26mADudsxaWzVBShVKfPEcg76CdSbWoPUBe,11000
K95BwdQb1B44xv2wnM2BUVv1oJwEyU3yxn,11000
ejZBppuy2uQm2anfN7LQPR9FjDq64hxSA4,11000
28FapwmWUfQVbFS8mENDLCbDwZbjz662sH3,11000
2oQH4Zrg3faFu8gFGHnehqUHKfWG5ntqnB,10754
5TLWesBdhZNxu3KBa8PJa53M9BLLJXAgDk,10568
4JadDvuJjny8HfGuxxUEHG5YQxi9QhK92B,10500
22xpqmFsUiUv7EQSoY6ANVkuGZ5n7zvuVc6,10500
RLbr4jS3Y53dZgEuV5D8Rey6jWZEpiTTvB,10500
2gHcAgyo6JVFWa2MPUZdtTEC69ZD5DSjbeh,10400
2hBPq4cxVZdnhhafGP4iTK1VHokCWJCAzYY,10200
tvJwLqDLQ2jEhk6XP3payBrgnu6jMuHQgS,10195
2C5Ro52QVTUoA99PvybAXkaErAeo59WGqoL,10153
RUoB9zxp6RhB66LbC1BRdwKoW2U4kUGiBe,10099
FggHv4ApS6VCPQcxqe97xvnApgSu7gTyDT,10030
ptKvjuLofgM9bMySxRwgVwLV2c16pH5d1A,10009
VgCcFo5U8nMDeNEfawNv598hjauu4p1cJf,10005
VMqMtdRN5BbZEFaWxh67K4f2t5wqLBWMVG,10000
2KgMdQ9ogJsJVTVXsFVrzxr39i6bTdaWyTT,10000
opjD5R7eLYadsH5dQerX9aPcuL9KDUWir3,10000
6UusxAcsaMXGKvxLn16qzngBTmtPoyzoJJ,10000
2dSBuWQgyUHcWpKbDEXLFc3kLxC6QviT2Zw,10000
hsoiGa84nq2pRFQvkmN5TnvfLPwvVXdpXa,10000
uVKpHym63mUEh1uvm899ng6yr3CHtpA9uy,10000
fVep34QocUtyk4uQir3wPj3idDHkZRHhtp,10000
9oLbCPEJ1x7kcuj9UBqbWnK3jjJZcSjNWY,10000
bzXetpimUfymzP89HBJsXjbGD3xf8qXKS4,10000
3dcTvXavSnwy5vKgqsdXwmSnPHGXs5qRN2,10000
2mZe38jcVRnc5sUrQw2E9Tk5tZZfgVeXi7n,10000
fyCtzvtsoXhQfywk541p3UhBb3bffeZcgg,10000
iTcoSCa2RBBTWXoT4tCgJgEHpDKK7iGK6v,10000
uFQMQtFATZMRVsNca9yu4YLN8j3WFqFM7G,10000
23TyaA3eSN52yWCcBCMGfk13EPbCAiKoN4y,10000
8AAntaKAkxnffoJ7NN5iEiTXv6SEMX3gQn,10000
ovLxBxEVi83G1zMwF1XzgR9DRdeR6zrLob,10000
2MMEvpW1a28LLDMKCoF7UA4sYwgDSmz4sdh,10000
dcEzBnvszmSxHH5cBxiL55ALn6i3N7Wp26,10000
A5mFWwApM6rnL4T5tnwQMmhkkVw4fk2pEm,10000
5vTCrmBGjGWr9fSLfjWgKDA1wV34iT3dwo,10000
2HvmvxpPfQpGTdyUjgvPqN4LWWJsRbLxX4A,10000
nqUzdxsBxjFQCnPJhFkqj4SS5LhsbAmybT,10000
2iJ5GMAUu4dQuAYd6Cy2toeD3V3MyASBuHc,10000
2C8ovEi9rD5G1oB4Wymnb5UayDTJLJJpAiP,10000
Ucp8M6m8nMC4y61sXtjxfBopbaUwpPVn8P,10000
27D5GshWFnfdTHsLnCotRmog6roPLLKp6MM,10000
27Vyt4RZ4D3ywcYkgGSVpf19AJXiwRRhpFm,10000
cFSNzpyXKXykT2XoDsiXqkY6g62aKDfXhS,10000
ZZG2FiMqeS8yRxXuoae63h5W7Ky9Lo63S5,10000
DzL331hDdw2oqACUupdw9Mh77rhqirJSvV,10000
2k7Rfm4U5VYBc4hCBeNfgDM4becwt6qVdaR,10000
2F9fTvqyJGqSvow2s91NsaHDZYRCuz6JELT,10000
vrVTxgpZrf56MKrW9Nuo7S98SSkF1WbWNa,10000
2gVCTcV7u7F2nRwi3chEnELNhTfuE5xSE5M,10000
21BggkrNaVkdETbdbE11toG2ETevQV1YkBL,10000
2heHVmgCNwBjaad8LnAkSGmYxZNfN4L8TpB,10000
2EKhsmD9V3a6ibbZnLDtyZvmiBAJMtuKaTE,10000
xQ8sDTi2opS3LbnUUPynfYHnwvAQdtxyuf,10000
2497uCBQVmKiVPnwVqbKEZi3ktguiuAiymW,10000
GkRP2mdVP1v4QnuLb5dHunRnehS7b51tjf,10000
2cfVh66WFvnBdFVS4pAFfLwbhdFy1XZbDRS,10000
22owmA7NueAtyWo7sowGchE1hZ6cjw2graf,10000
5FwznZKbeBFGrESX1Rpo8GY27kFEWNzzU2,10000
XPWs49WioDcwuFMbT9ya545e6xxvHz5HPD,10000
2UUB8QiND5u5G3kqhoBXkkLX6shzJCMRucN,10000
2Y3wXGJSXwRNkzKeq9yo2CPprB2MZHf9qZt,10000
2EQMHSTFKHY2q2RRCqsMhKGSoxuK5kj2ep5,10000
m9VKymJGW6mz3K1mz4ffzVSmRAEJZejkfi,10000
sdhRrE9s45e6an8vM6SkuMVFcV3H7nQ1ku,10000
w3pirRya7Dr4jFuUSHFANBRvaEbGL9f7vo,10000
2RxcmTNpzcXbF5JGFECxrz85i6y6q6FygSt,10000
2huKop2ZQM18bzrG8cozkzyb2BM4zpHAYLu,9999
sdhhdpNHfrXjasFhssuzxo6o1jqyevypaX,9980
K8gVavP8TUN9Y6NzanPBEXSFNrGMfHtWwX,9800
wbftdCu4pQqyjCW2iGBBFq5ZajCHsWHmHe,9800
21EKudHKo7ng4GpF6DAcEvPgaNAWf1ceLzX,9800
4Zx2rRyzcJyzQ5w5HjkdCwKsH6xmFdrPfB,9800
9cn2qQdadpcXXH48DB2WeFwexSCVnYgDva,9800
e5ryM8Gg2vkhqtLHoTCkHqd6aYneJpGUvx,9000
8zzsq45jD5DL7StC4L3um9W5aKjnouVKrL,9000
Ppo7SsQbb2gXJgFAYv6JwFdn1qc63W4z74,8800
2gKqwWW76SQmsc5MxnDEmvX8kBKGrHCJkag,8745
2KqDhotWMnxqfdN2z9JLCJVVNP3fqSrZff4,8742
FSfUScaB1yKUUhSUMQVy64KPrCb53EvHfP,8231
V5YiZuyj4moYKsdc4m1wmJ8MCg7TckAHMZ,8000
2jdMxzvoTS3j4bRqEbjZ71ZJpWzjfqGZ25B,8000
2i8SmwPjxL4b1Y54nyWpH9knej6oAq8MnE1,8000
2CLYTWo6MSYzQ8kiAwfXxaHAPK7rFhE7ckC,8000
28anevy3buPoZzxcVwzwp1H6T87uFVgJ79f,7950
ohCH21WqTpjurBLYCrDfJFfhP83oLsQrcX,7840
TrS1f9xG4vcPaVt19EJPNTEJ7FpZCgN54Q,7688
YuCozV7UePEMjXcqWp4Hbc3mLjCrKF5YLD,7500
GwqkW4VMZD9vvLFP7Hj9ThZg5s6MNDK1Jg,7400
XhJmUz3KTHSaSa8AfowBPVnkihhpFEL4KH,7334
uKsFMd3i5Nn9hExi3ckhkwYFmGu7SPHCXD,7332
21agkLtEcLgts7BwWQw9DeY4UwFWj9sWFMY,7000
APxGdtavw42KuZ96BkMTjbA5R3b1Mi8kBa,7000
9oMYBU1QjonzY4HdkFwVocmQ7ceeBbdZFR,6700
UjFgJTPDB4QJ7iBAsFzH94fbckAVBxg9ck,6667
jkELGHd2q4iRu7ht1va8fxAEbAb2fVnYrU,6666
2huVsiMYT371fNv8t1WFdqRwfia5WuBx782,6666
V12arwffXqyjkKhWKbr2woHsL8FquvPYkq,6666
d3VUXhw9y7MbtKJhzPBXor5Rpy2nPQXVMD,6000
gWfjDsvSnH7ey5Zr3QK7j7c8JnLEc6t1Hk,6000
2k4BsyadcL8Y1xvZRZuQhLYC64zk6YvuykF,6000
TtgAkhUBRhZPv3udBbqcvLEXa7b8VEQmd1,6000
FX1TQK7TFzWnJZeJo5XZsBqSqnJ73YEkCB,6000
A7RvFXXAH3xcGYDqmjVxKZLofkcpDjtZMA,5334
kJYubV29MfVkQAm6YageTRSzfGiRarxJD3,5214
TTyxJa6KDGAEYEwdJfhaHx1twdNqVyu57c,5200
2kfCwNSHqZnkr54vonk5cmg6d2b4wKcX5yn,5187
MfE9vN3HmoVVUBj792NxaerB89nmG9CsiY,5141
Qo2DWpqAA8cVXKACwdWovL8JUv4fFF4Xg5,5105
2WXG32vEvHc6niaRe8cx8RE5HBtf7hCBcHw,5003
287QMwB5cJvisWmBt2BaNLS9aT27dJYKLPm,5000
2EkDoFds8rKgUns9iMuH9FwopsAF4JdDcs4,5000
2aTZEsThHtwvwoSLTwC5JsVi3cntvaFjbng,5000
cwqfJaCvfBPw9enkkPijxsGKBFgkWBwSuH,5000
mAMF8m3KCEkr7Yd9dym4zZ6iNnnqgbH7X,5000
dT5ZD8p6aS1zdLrrfZMR9y7yTLQeooM6Zk,5000
iZqLZBL3PGK7MMUFpGiuMzhMnH8RNVr8BL,5000
23KBaC5PkS8KwVonH8vpAqdd3Jmhh9Lu6y7,5000
2D9extt92rKvBDrQDR92UCiwggkg5Syg1JA,5000
2TpMD4JbWyUdirixrbJDxbkBZafjH9r7ES9,5000
2B4hhVQJSgMwbNNc7JFeWh2kCo4yLTNYpuY,5000
2TQq2y6G7BYHstRoR1jhm5Xs6pwXGa6kxM3,5000
59KbRi3EpWehuAp1dAoqWq1xqQmmAeqvDZ,5000
RkVuCA8xK3WnHvzCvvT3sAYbEhaCT9v58N,5000
2DbanRb5kFYViFR3ffzdHdnV2mooRmaEpo5,5000
MxdbE6cdNFpiMfX2vJoS2aEW4ePVPGQBzH,5000
eEv8rN36FEwfdm6BGPi7sF2Vt2dSvD7Bka,5000
2WKn7ynB6A5hL8xZXEVMWA28toSC9Dp8fMy,5000
2AK23DK9aZH4VfwqkftEPgpmQda9q2cny2b,4928
QDF54R1Phd8hrHHFLxUQHN8ftisFKXH58d,4500
uij7rV5b7WqYYVaz4k9Z6trPDeE9BbafKZ,4200
2FnQKpZU1fg5UmmDsACNqw6X4roG6qAcEKk,4001
wViiqvSwWUzJezSmD8hkiFiZfKnuasq1aZ,4000
CsGbQR5Y17iyyiXGDQLsiW3zRVHY84Nq2o,3720
CnhU9ZqnVNJuSPDDTFofB4ZqNQeVZHE21K,3520
xtqMCyn7Wj7dBj315EPfXUPdqDeyJSKKvz,3395
MPARH4rgZ8U9Zh2URuRQ1sJSa8rygqpm5M,3250
2TikDW5PqQBEepicnLjKiYAktAn3s5ihcDT,3200
2gQcZboNqbEaA8PP6bCaKDEa15cvt6eiuMc,3065
ugqNWM8jphRSG9AJKycTURKd39coemTNfb,3000
2fH13AHQzjdVXSiDtqVgpWAQjCrK8ArEtA2,3000
27iJ7tgZ2pvnUfa6PTA7cx9DfK5seE66EG,3000
2d4y4jnqLYzgSkPPVbyhWXLtBKZjYAqxrwy,3000
J79uTtzHHBzjNaEv4qnn6zh1qd41uHMVjo,3000
evDeUg4FetrfY5SSwgMo7a1NmkjYVScaTd,3000
2CpiPrAJVnk7FryWbNxrVqk9KLGohjrnrzp,2900
24SajnH5SSst7J1LpZAsrfdk37C5g9dapp3,2800
U2eR2J7ziaEihNEey2ohFPjRi83k6WfxeZ,2600
2XmQH4rPJUvodApARw8im9khMp1MqxrjPDN,2500
21gFFLj4z5SGKK3PzZuJkRCKrTNyRSrYgGU,2500
ZsPmgaTAJCE7FDi54hVknuHR3YaRJP7Sxk,2500
hbRhvuhTBLow7hxQ3Uzb3MLyT8uwnRQhiw,2500
2TXcWD93bciKVKu1QqDEw66g6oiqG6nXQjV,2396
24HoZtL6MvoyXrwarQ4ALXExFCJcdF3hGJT,2350
hxdytbeWbmov2UHgxwAZfW4vfFpLuVWo6V,2200
nXNEfm8pvdJXUZNBZZKrEi8NHVLFBoHHWS,2150
J8zM6JdT7kanup9cU9EvmKKY9yxwnWj718,2115
27uQbRtxQSUn5btDogNQcRAVFXr76Jc43n3,2050
N7Ej25aKyimFWHaYamAUZ3Eu7Bu4m9HYgz,2001
2kEzYQ6vTPXe7WDdB8ADVapiV7b5BG5J9xD,2000
2KLEgSLyaiPjYv6T6cZ9Roy1RkT9FauonqW,2000
xNjJdLQvYAD2SuAoiKDUJAs21B3SYSPtKs,2000
2Dm7TqB8c34EiqRKWL2KYmkvW1nHxVUFWSv,2000
e45L6eAUtKvAyqt6ZnC2XHhYuUfc95GFJK,2000
2QejGNPPKrD2hb2d6QurHCbcGCqr9uqwVZ7,2000
e7hFpFBop5o8EdDJunE82sjyBZkG1tbzcY,2000
cDWWziEhWusWQmtyRkKSYvT5bMkkonZLXF,2000
2ahDBJ8oTJqYCiNTYk3SFnxYXha7mtc35nc,2000
RW6icRyRgJx1PYWz1Vjm2fGFP6EUAxVUux,2000
2Fx6TrgeKSCdz4h45Va4KshMYQpw9onv8aG,2000
E2U7nf3ZzUvFjgQSLoDncsLy7RhK91S4u2,2000
L1TdevktoMwqruZjRQr5WRgxV2iT8Am3VQ,2000
2LdDufr1Yo7mf5oKaNAesaXFD2sKyB9kUSQ,2000
LuKLaXMwJanuxpWD8rWR6VRndy8hG4VWkB,2000
EoHsMAkf7nhZfdbHbArHTAjQsoNGARiBDD,1999
PBvMqHfd4k9BwZWf5jq7Xn9xHxjc8kqRga,1986
2UrsTiZ6zHUwjnyHAhtjWkgfjPRND5aRAtt,1980
V9u7ecDdreKGHWjw26o42Hbwd9PA331Bu7,1800
y3ZjQQiuG9jQ1Vrxyh2niLMdcggztfUbhW,1500
2cukzJES9i9YUgpTrEn7xCm5vUfg1CnTfR,1400
2jCLXzdDZNUg61wUKScsKAZTnPT3KJK9P9k,1300
6R3qC1bn6tGEQ1xMkfNe4uQBVes9Vo8Yqt,1200
X2hnA72upCgG8uGXYnmazYPLXronofgyGX,1167.9
2dRJ6BbWRH4jYyUW3TYLG3d2SgrTB9b6Ui,1100
2cmP4RxRXUFQuKRk2QeLHwSCHSidk11A7Zq,1100
2mmJG1QCH3ZxLSLgz6jCQKPj29di2MHCz2B,1000
2XkaPWsDx8aAT8VdDgisuzARU3EDkk9KLxB,1000
zFL7V67rxRedi8TLL7bdi5mYTS1XVNpqJ8,1000
qzNfskHzqGQqcUFxrxSLQJ1fDzZqNHtK2b,1000
2YUSJ7aiB4sopGRutZ5JPZJQxyX87DmmX7K,1000
2U34Djk4jgQnWzx4KstBrM292ExDj32tUg5,1000
s4Q1BV1hCfxqQnMnGYT25aACkS1hMyyjWb,1000
mn4R8w7NECcMUZubRUyBW4T9g4rauoA9H8,1000
Th3eEkfwVk3n6pVYe5o9kNEsGkvUpgKggZ,1000
2BHguffTS8h9HiJ6A1PeLSND5EuivhnCKGN,1000
2W8195zwFhN9nSBFE5HCd4ey3RLyraWd2X1,1000
kg5ieZ5PxdrmvrmDMDnoq5W6uQ315j7uEm,1000
BStJS68AnZXN6PXw1wC9N1Eu6RKqMa867m,1000
2EQkQT8vv7Tc5nADcEZJUnSaLUZDfKkPgnY,1000
TYAEHWEQ4B66kh2jmsa4dnMwvLXtkHbm7i,1000
2JcMsFwYgfKhRxY7PvBnjQq7UHBucLfMvRF,1000
2icn4NA77vXQYfTk4oosHAoWjhvWXPyjko4,1000
fQLk2V43CeC2oC1gVePxEVoytxLGjJmk77,1000
2bBGPUzeLLUsZ1JDLxQP3eN6bfjwvbJR6XE,1000
oj8DRU4aiySK3pnAkf4wvy237TvH3SiiPx,1000
2kguWxaTZEwgAgsyMRv78XjwozDqnA6j3xB,1000
222jevML1sdN35yQZCYGRnYXvCHgLoh2WGf,1000
DzMfpRhL8Jg5at4SqKBsXBxNbSzNTMLUHj,1000
W9SrzwtPYcPUYL2MwRYZuMFhnG22i3ac9Z,1000
2T1TRNDhLyZwicdSSnC9ibhdUb8SvVz1kd,1000
25kn1jAyYpWbpHaakTrLggEcxep5vJ4d4qS,1000
2Z7Qq3RdMW2NHCYskdebyK84B51Csuy64a8,1000
koN8JDHWwZXSdKYXbdgUUoVn2LjJ75JME7,1000
2GSGzKWbeJq1BfAkSa85p5BrzSoTwgLhT2M,1000
JEbVB9k4RnoyWuE21o7PyAe31LegS7xdfZ,1000
EyVoySaMRQ74G86b4QB74mR2MYDQ65VJaq,1000
mFUm6NKXH3UAH3CVkbR9kLZdtcQcVpGURe,1000
fD2ZgHBxovnp7wpHkFRidJdFhgZ8jzP6mB,1000
2fNsY75abtVsLejg4GXd8DQcRnKoWUyfgRE,1000
2VXtp5S4fz3TY75PDvsUXirQrxYBcyFP8Q1,1000
2Fdic3Fec7gM2Q7SygpLN9i3UBARC16E28x,1000
otJuevSLnKM9Q2ewT8t4nqTCvvByN3LX34,1000
28JjAyo8PxEv8RXgFYhhVhpW7puxhgu7Yz3,1000
4KmVuxBQQMS7TeyzHU9J4PY4hcp9j9w6Th,1000
2fS5yVKUD4MVrTSVEGaJuqzJAE5NJe7KNcC,1000
zQNN4Pums7at2oFzuwoPEPfNSbpT2mdkYz,1000
SJ2tLb5GG74SLAm28Xg9DsABYfeXg8R7Yk,1000
L81exBT9btEZDTG27TM8ivG96S6yfP3mwk,1000
22DjxmaLakmXyypPZEC39aT6mSvZRQEPryb,1000
cBtTA99PGm8LFHLESgiUfTsMg1UGz7etNb,1000
PoEyXZwCViiNwWkDHo1kYDY4CCtEd7bvn4,998
TqXb2sF7jfCNcBdhWfDPQ3QnqcdaFrrNjD,995
2m7mBRhw6U8P4G9fRf3mRjYe69nohsKYajx,800
Ap65P6iDEY5UFiH2tDZRFcud3JVERZdHze,780
idehD5MWmS3oTCMSaRBEbfC4RFpZDX3vpu,733
28Y4BR28MPpSaKtNXYiSbnJfKPqymcq2PNh,712
tkasYqNRgCNemRV3NKK95WorpZAFb1m13,705
2DmRVUf1u9XUANBWuwegeV5WVFwodHUETWT,667
25x3nRgcBfsQWdTbG89foYF9S4VPX6U2BL8,666
rxaLnomyc8bc16FcPBZuY4iUg2PzAinQPd,666
GAKNcCFH4rqNVwDdqq4yBFWHJUNzrftuba,666
Q5WzZxu25DoXSNSXdWsU4o3LWrH23pu3FL,666
tj3jkcKNhyvFeTHGqQZWCqKGwhThbmZz7M,666
2HG2KBa9C4L3BSNG5SBEeZzosi1xRpg2CHg,666
vA8dxPSXJeqnfDbaeXD4das5YTKuwt8k3i,666
2jDU39jwUq8cB8nxn2iySeoiroF5iqWG94R,666
NfXM9FWGi1F2pihzUgvKd5VRYN3SaykwRC,666
2KVfzpQ444DsV4zsMzpsUdbWykfbgdaF7AG,600
wLMsbSMjHYYD4RckhBsUGD2w8EKEuFqXDJ,598
26jpbdoSKmffj5jQJ5XA1baJe7nW3iFDpNi,500
hvmxWrx1Wzd28yp3Xv8GYVexppzSdzsTxr,500
28mQaHLCfTtGCDTBuDQhZ98fwztBbfYnLqE,500
FAH7b3tjHiFETWPbMpJ6ZbyjeEFpDVsoHm,500
Mvxe8ERJy8SFQK3M1hxAoNvsg6nFBRLqSu,500
2VxM5c42Sw3yY3C2Wv7KnUQmoZ2FR5Pfgp7,500
x9k6iL2MDmj6sEQ5kJZzUx9tfXoxVdCUp9,500
h3nk8QxqgbJruCKfx1aQcyx5zB7YNDayp6,500
2Tnj6YQ5zQDYCdFGTNy3urSGti9RFRxhYzf,500
ix3ah5uXncXKSYojL8fFoyddC9jzFmKHHK,500
2d6PDk1TbpGbMp1GfrwHdEavbGDw8aBLA3m,500
2WrAmpxLkMnixaq9JJ7NubAENbz5gRHNA2F,500
P9b38tiSqtv4nn327HJy8zF2nLgogfEFqx,500
EAvY69VLn2VAyx4grszWR4DG1MdXkgknH5,500
FoBrHsNJyoPKgtexe9fTnuYjE5uBB7DKHz,500
yj9cVGKvRgudxc2oNbCNjAG84wWZxFtgCH,500
FEDYF4enWppfUWWtKspdzsrc6wxykWdu3U,500
QpumeEVnFhumjLRJbPmcQBoRBcuGgK6uLZ,500
26GsZepY7eyBVrGzY7xSvo23y6JoXxQysbN,500
2mV1VZv9ewgKr6Ug2JswnZ8vVGcbZM5ctfr,500
2SeGotLnkbTYMjyjrksqruvDEmxnf7taJp6,500
fHpMwDt69wHh5qajEcXaWbTgEf3Ya7cPXr,500
bah49qyxbgV6tSZrdEA56ujWAJAhnTKm4x,500
Wgdyh5ZhCENfqYGydHvzEtzk7kGaWtBuMn,500
2dxfLQq9LZopRrudvkCCC1FKZBQxYZH9BVA,500
2N3ut8Mk7d9pqkF9UM9Dbm3tJfD9BXYouzE,500
uURdP7cQzXbKfokjjnnf9EMiC9Xhn7PFhL,500
2kRwbHdTYbrQvvrQfdc2xetahYjrJ4dzEio,500
6xdvZRXDa9UE7Sv2c8KKWhCiVzkVZm2fPq,500
8rK6gvQQNZaV3JwgZa8xKhDDzxN6X5EyKS,500
217GFiP9Zr73ysnkFR1jmbGF43DwT7rffBN,500
TDjBT6mSUJRKsGsgRdASeYAxsCov2uX2mR,500
26bA5Hnux3RLv1xf84G9iKin3YbfugCzRSS,500
xcHxz5U6X6ZnFCArombbpcnJpQBCPBjCgh,500
B3fgf4H57mwzVhgqwSBCno89hHACeq41xu,500
wKdfhybbvPw4FNxBbQZfYG1z9iEfp9hH6L,500
2k2a6MDwh9YmDvy2QADxj49vjYM8xcfeoMH,500
PHsWyHgWGp3nqJy9CMSP8uN7qGrCsbsTK4,500
296LJRwqrQePBmcng16GRX8vvu2yNyRT8XG,500
2kY9zzn5xvDTSx1wZiN8M32VmGjZ2GoByg2,500
iDS1sGxSEeQu6sEdLB4zGzuTZgNKmDLPUW,500
2ahXDS4TZ4XTQyiJKUUcwRrcrq7v7BPjVFy,500
TPUVzZPYpFwAfKiznsciSmhc9z2fg75pzL,500
EC53MsYN94ACs5C15wLadU7c8HrUUe9YWC,500
2SfkqDj2qutajnBDnBjD5kkifXiN9AUqkYQ,500
19UbeCbtbFefL5tevxucF7YEsgZhfdwEce,500
Vy8jJRHFZpGjx88bUtq8HowkECyWRmZuHF,500
yn8WdpSCM29e4D6nceGcE9WGdYEeiRuZ7D,500
2KZEdFYjKNz8tkPxASGQKHanrifqrfK4b2Q,500
2i9cJTry9qV62DJ2wwLu1GkoRzhTpoxqzRU,500
2ZzcHQjAyG2egg3q5RT8Xrj3KXmf28zJni3,500
b7CSJberhjkacFnUCt1S9ePCspa7eJUjpg,500
2U4Vc2pc4eFwJ1ND2nwXzGy8X6v9sj46JSs,500
Gf1D9qxwaNYd3baUZAZ6grYHRMizs3GyKq,500
weeukDjXpuRDA19vimJJ43J3ZbnohHfccM,500
2hw1QTEGXiepkc3GkknJeG3BTSfFuBQ1sY1,500
2Z7SS26T8afv1Fbn7VEpkWjiTzs8SPz6CGF,500
tHiYsennU9acLe57AV7kpvz72MPXoEyxZb,500
2XeaRJHZR4sNAKahmRoh46h2yxTaPGeMxTq,500
2QPELABY1WmoAc5ntAn8VtFXYsn5ypn5yex,500
2CnZ82DSS6GvqojnfVJPFQvGT88MaTcrbxZ,500
2Rwqr2Yj193LiuLr635Tt29sne79eUmGmv3,500
2GwVbtkoi7RTjcParkDTiqkgZgRMJtUZQuY,500
egKPBMmNpgNK33iuCBEQZFyZE8S44vAjLB,500
cfy6Ht483cs6LcjBKwqHq9oKmkUFU8EgnX,500
q5FUsMrEKtKTeNnj8Us32ULedR3nFzEi3r,500
2jfu5DTADFmKum1VYc63gFCuxwRNqwoJ2ES,500
DqqRXbuohijj7UZSaXJifz4Zef92vXo6kT,500
24Wq93oMQ2RKHveEVp2gXMoiHusnZW3hTwD,500
2ZzYDYZUF8wxH1tANhM79pz1DNUxJq5T1GN,500
2PN43Wijkj5QtSLXrPrDhgZcbVxwQETvDW9,500
L57JK6LDU8arFNCvURL2FobVYidTLszxxP,500
2YdtM4Nk2heqvottbdbJRnVCAXGTEk3vvSx,500
PDDZs4mb9FFAYFXW9c7i8aptUtzMYTf3hw,500
2dejo75tq5Sr1etrxK7bZPmZnFBKxNkXZLS,500
2R5gnkiMuKz57EWTGdTcs7vBfe8zhVCT3Ku,500
8VckEsHys6FKNbKTxD34mXxiEaSEFdT46x,500
24SRhr6DYABGzoJDLUbvE2t6CWnegBEKy8a,500
k3K5wokEGgRBDAzwGUeRYCJqnN2JPXaMuB,500
2VKykj8GoEG4BSSukiG5eLVtuRyUfMEZFw4,500
253QV4yiLAqzi9dL79Ys6PNqb86yJUWduqx,500
RLp2yAdUv5ghVGTCSTa3caVNgGcnCks2SM,500
UJWZqy8576VuzZC3op7PDqkuYiBPNXntYY,500
26AYHdUThY4APevEtUinhAqiCrC4XrRkgkv,500
kW582gZeCim5HuCSivR2jcEDqD2Xh14pu,500
GM8Q28rk8C9eKNujhYZpxhbdtAqubZyQMY,400
zu7datqiqWw3mQr6ceJ5tNR3jWb7xYi5qh,400
LZnQFhkGQeYqmXbxvGk4rzgh8e4eJiUnav,394
2drKLYir3ryusw2V2HyKYPpygStu92x1fjj,371
2i3WW5Zghte4579NjipeZP9ocPW5PvVCvVJ,317
2GqUaaPKpkdfeXU8GMnEeKRpP6Q4PU2BaWF,300
2GnmwAYPUbhA9aHgyrdM5ttn4mzU4Z8kAwJ,300
25x29BKT45fVxYbr1XYrhMHY6sHVxophg4c,300
2WESf56TBnBrosx4SZupQfxdhS4FzPeZE6i,200
2NrJBcmSHoZg6MDZgYWkC9jPexgUE5zqNsr,200
nHJTACNLYWP7TvJCDsDn9EM1xrwQhWLPiX,200
53x6eQ7V1CtcDan3Yc4EAobDw5rL1VRPnU,200
21GXfvX52gGtGFEgWGXBFsFH7ppKvQP7gvA,200
xopnZXMtFXuCy3iiLLa8LCRC3rxhaemLyc,200
22Vap26w2cn5mKcrUJVchBqCEgEAqZ5vsSC,180
2FBLkiGzPk53eB3DfZZtvxk3BDauR2jLa55,180
2JNSC4C8LxqKXvrCVA1XtEvTZcC7GCox39K,121
z7Azm33JjKXxJ3xUxrSnU4ts46oNHyFwn8,120
37vHDQJ7dCS2cXVWWLmzMB6EwdzK9cR4xW,112
27e182jFvR879yiFzumJYwaisrjNbqR5xeQ,100
2S9zPZrgMJxfmEyjaGddZqLVQBvV6HWGyMs,100
24Yjc2NMu6fNitmfJtNeeGPLv6xvtghbZBB,100
2EzTmMufsS623oUGahCAVvBpYGuVHC2MoGi,100
27Ts43b9ZderHaPrcNjzpUKuMbApXTSNHLC,100
2j2FYhHS8Qox22mxrCBiNzPG8715XQyoYDL,99
2m4TJ3EBooKkqEg57tMfkWZfzMhQfyBFEgm,95
2SEXMLs5gtW6acLypkSJ62EVwwBhrTnhagL,51
2VJb8vnYi7dea48SFAeMY83Nu4JKoKYMfb3,50
2ihyQ9bpXxyPEwi5GRCKz8vbJ8ct84ynn3Y,50
2PT1rhmUNMTcaRva99rNsWves9j3s3MibyB,50
n5fqxgz3DvFgGrRWoDBmcp793bbQxJkZK7,50
Mz8UcGuKggdzta8rqUwDbTd9ub49dAKFun,50
2FUKBmt3B4qbUVy3VXXVdxTXC6GPTEyNiFn,45
X7454rXgpekPXJiMDHgT4QTiPLN8E8q2PA,40
2cQzuSkoSX7DyyMe1Abv7o9vkLw6wCo7GG5,15
WkfFUqwQPUkJZgogN2kQKya6TF4TxCWBXg,10
22XSEmKdpqS7hWfEgiDkea336RnhbYDfX8q,8.1
mvpCWH8P8RYty4kLApD9Q1pUmRLbBRLXGE,8
2m7uVQ9zVj3ocGmoz8DbsGQjXcbzK3w1VW2,5
2TCo9xauE6DUk7GEwAU7LTWRF228n4g5zVC,5
2aDDqPHei7w2tvPDhYaw5cTz3USvrDBWSC9,2
tcWu2N5w41CJSEN9RUKQwBxTTYmBtktU4V,2
EpNhHDRASu1hzydQb5748pmJDaoWdnpHpE,2
2RaGzYhFtMvgqGL5FJUekcFNPeKPv8PC1qJ,2
wsUJWJdTKdTQ1nFQU82eomS9SC84dLkDyH,2
fA11PTiTEBMnqAUQoUfmXqcgkYJGKqvvAV,1
2B4QLKCSaLWunUdiyzMgEwA1UDikKgnZpar,1
AYNGHqvrX9eRrkUCLzPfk6N45oPkSpUmhh,1
7cscmMP8Wr3vdCfvP6iHfVTVZgpiVquXkj,1